WATERBODY ID,OFFICIAL NAME,COMMON NAME,LONG,LAT,ATS,SHIPMENT DATE,SPECIES,QUANTITY,STRAIN,GENOTYPE,AVG. LENGTH
3899,ALFORD LAKE,,-115.092202,52.063523,SW4-36-8-W5,2017-05-04,RAINBOW TROUT,3012,BEITTY RESORT,3N,21.5
3909,ALLSTONES LAKE,,-116.418572,52.303119,NW30-38-17-W5,2017-06-21,BROOK TROUT,650,BEITTY RESORT,3N,7.95
4011,BEAUVAIS LAKE,,-114.105019,49.411416,SW29-5-1-W5,2017-04-19,BROWN TROUT,113,BOW RIVER,2N,45
4011,BEAUVAIS LAKE,,-114.105019,49.411416,SW29-5-1-W5,2017-04-19,BROWN TROUT,550,BOW RIVER,2N,25
4011,BEAUVAIS LAKE,,-114.105019,49.411416,SW29-5-1-W5,2017-04-25,RAINBOW TROUT,4000,TROUT LODGE,AF3N,19.9
4011,BEAUVAIS LAKE,,-114.105019,49.411416,SW29-5-1-W5,2017-04-25,RAINBOW TROUT,9000,TROUT LODGE,AF3N,17.3
4011,BEAUVAIS LAKE,,-114.105019,49.411416,SW29-5-1-W5,2017-09-18,RAINBOW TROUT,10000,BEITTY RESORT,3N,
4011,BEAUVAIS LAKE,,-114.105019,49.411416,SW29-5-1-W5,2017-09-06,BROWN TROUT,10000,BOW RIVER,3N,11.07
4014,BEAVER LAKE,,-114.788387,52.006721,NE16-35-6-W5,2017-05-26,RAINBOW TROUT,3500,TROUT LODGE/SILVER'S,AF3N,22.3
4018,BEAVER MINES LAKE,,-114.296284,49.372895,NE11-5-3-W5,2017-05-15,RAINBOW TROUT,13000,TROUT LODGE,AF3N,17.32
4018,BEAVER MINES LAKE,,-114.296284,49.372895,NE11-5-3-W5,2017-09-18,RAINBOW TROUT,10000,BEITTY RESORT,3N,
4061,BIRCH LAKE,,-114.854167,52.011667,SE18-35-6-W5,2017-04-21,BROWN TROUT,500,BOW RIVER,3N,19.01
4061,BIRCH LAKE,,-114.854167,52.011667,SE18-35-6-W5,2017-05-26,RAINBOW TROUT,582,TROUT LODGE/SILVER'S,AF3N,22.3
4061,BIRCH LAKE,,-114.854167,52.011667,SE18-35-6-W5,2017-05-17,RAINBOW TROUT,2918,TROUT LODGE/SILVER'S,AF3N,18.5
4061,BIRCH LAKE,,-114.854167,52.011667,SE18-35-6-W5,2017-05-24,BROOK TROUT,5001,BEITTY RESORT,3N,21.72
3494,BLOOD INDIAN CREEK RESERVOIR,,-111.210333,51.24853,SW28-26-9-W4,2017-10-16,TIGER TROUT,29608,BEITTY RESORT,3N,
3494,BLOOD INDIAN CREEK RESERVOIR,,-111.210333,51.24853,SW28-26-9-W4,2017-04-28,RAINBOW TROUT,132737,LYNDON,AF3N,8.51
3494,BLOOD INDIAN CREEK RESERVOIR,,-111.210333,51.24853,SW28-26-9-W4,2017-09-18,RAINBOW TROUT,15558,LYNDON,AF3N,20
3494,BLOOD INDIAN CREEK RESERVOIR,,-111.210333,51.24853,SW28-26-9-W4,2017-09-21,BROOK TROUT,14000,BEITTY RESORT,3N,12.3
3494,BLOOD INDIAN CREEK RESERVOIR,,-111.210333,51.24853,SW28-26-9-W4,2017-06-07,RAINBOW TROUT,25,MOUNT LASSEN,2N,55
3494,BLOOD INDIAN CREEK RESERVOIR,,-111.210333,51.24853,SW28-26-9-W4,2017-09-21,BROWN TROUT,1000,BOW RIVER,3N,24.4
3494,BLOOD INDIAN CREEK RESERVOIR,,-111.210333,51.24853,SW28-26-9-W4,2017-09-21,BROWN TROUT,2200,BOW RIVER,3N,10.03
3494,BLOOD INDIAN CREEK RESERVOIR,,-111.210333,51.24853,SW28-26-9-W4,2017-09-18,BROOK TROUT,3000,BEITTY RESORT,3N,
3494,BLOOD INDIAN CREEK RESERVOIR,,-111.210333,51.24853,SW28-26-9-W4,2017-05-04,BROWN TROUT,7500,BOW RIVER,3N,19.17
3494,BLOOD INDIAN CREEK RESERVOIR,,-111.210333,51.24853,SW28-26-9-W4,2017-05-03,BROOK TROUT,7500,BEITTY RESORT,3N,19.95
4094,BLUE LAKE,,-116.459444,54.980556,SE13-69-17-W5,2017-10-09,RAINBOW TROUT,13000,TROUT LODGE/JUMPERS,AF3N,
6878,BULLSHEAD RESERVOIR,BULLSHEAD CREEK RESERVOIR,-110.506929,49.677137,NE29-8-4-W4,2017-10-05,RAINBOW TROUT,10000,TROUT LODGE/KAMLOOPS,AF3N,21.04
4171,BUTCHER'S LAKE,,-114.061148,49.303994,NW15-4-1-W5,2017-09-25,BROOK TROUT,3000,BEITTY RESORT,3N,15
4171,BUTCHER'S LAKE,,-114.061148,49.303994,NW15-4-1-W5,2017-10-09,CUTTHROAT TROUT,2000,JOB LAKE,2N,
4208,CAPTAIN EYRE LAKE,CAPT AYRE,-110.714832,52.29945,NW30-38-5-W4,2017-10-02,RAINBOW TROUT,2500,BEITTY RESORT,2N,
4208,CAPTAIN EYRE LAKE,CAPT AYRE,-110.714832,52.29945,NW30-38-5-W4,2017-10-02,RAINBOW TROUT,5000,TROUT LODGE/SILVER'S,AF3N,
4208,CAPTAIN EYRE LAKE,CAPT AYRE,-110.714832,52.29945,NW30-38-5-W4,2017-04-27,RAINBOW TROUT,5000,LYNDON,AF2N,27.2
4231,CAVAN LAKE,,-110.407082,49.935915,SW30-11-3-W4,2017-05-04,RAINBOW TROUT,15000,BEITTY RESORT,2N,11.6
6528,CHAIN LAKES,LOWER CHAIN LAKE,-113.511311,54.964036,NW7-69-23-W4,2017-05-12,RAINBOW TROUT,8000,LYNDON,AF2N,26.46
6528,CHAIN LAKES,LOWER CHAIN LAKE,-113.511311,54.964036,NW7-69-23-W4,2017-09-26,TIGER TROUT,4000,TIGER TROUT -BEBR,3N,23.05
6528,CHAIN LAKES,LOWER CHAIN LAKE,-113.511311,54.964036,NW7-69-23-W4,2017-10-09,RAINBOW TROUT,3200,TROUT LODGE/SILVER'S,AF3N,
6528,CHAIN LAKES,LOWER CHAIN LAKE,-113.511311,54.964036,NW7-69-23-W4,2017-09-30,RAINBOW TROUT,1319,LYNDON,AF2N,31.93
3499,CHAIN LAKES RESERVOIR,,-114.20802,50.236864,NE4-15-2-W5,2017-09-18,RAINBOW TROUT,31887,TROUT LODGE/SILVER'S,AF3N,17.4
3499,CHAIN LAKES RESERVOIR,,-114.20802,50.236864,NE4-15-2-W5,2017-04-21,RAINBOW TROUT,31000,TROUT LODGE,AF3N,17.1
3499,CHAIN LAKES RESERVOIR,,-114.20802,50.236864,NE4-15-2-W5,2017-10-30,RAINBOW TROUT,27991,TROUT LODGE/SILVER'S,AF3N,11.1
3499,CHAIN LAKES RESERVOIR,,-114.20802,50.236864,NE4-15-2-W5,2017-10-30,RAINBOW TROUT,21178,TROUT LODGE,AF3N,6.1
3499,CHAIN LAKES RESERVOIR,,-114.20802,50.236864,NE4-15-2-W5,2017-05-01,RAINBOW TROUT,19000,TROUT LODGE,AF3N,17.14
3499,CHAIN LAKES RESERVOIR,,-114.20802,50.236864,NE4-15-2-W5,2017-09-25,RAINBOW TROUT,18113,TROUT LODGE/SILVER'S,AF3N,17.5
3499,CHAIN LAKES RESERVOIR,,-114.20802,50.236864,NE4-15-2-W5,2017-10-30,RAINBOW TROUT,13993,TROUT LODGE/SILVER'S,AF3N,7.9
3499,CHAIN LAKES RESERVOIR,,-114.20802,50.236864,NE4-15-2-W5,2017-10-30,RAINBOW TROUT,6144,TROUT LODGE,AF3N,7.5
3499,CHAIN LAKES RESERVOIR,,-114.20802,50.236864,NE4-15-2-W5,2017-10-30,RAINBOW TROUT,541,TROUT LODGE,AF3N,18.3
3499,CHAIN LAKES RESERVOIR,,-114.20802,50.236864,NE4-15-2-W5,2017-10-30,RAINBOW TROUT,1177,TROUT LODGE/SILVER'S,AF3N,29.1
6608,CHAMPION LAKES,LOWER CHAMPION LAKE,-114.597433,50.813258,NW26-21-5-W5,2017-06-22,RAINBOW TROUT,300,TROUT LODGE/SILVER'S,AF3N,23.12
6608,CHAMPION LAKES,LOWER CHAMPION LAKE,-114.597433,50.813258,NW26-21-5-W5,2017-09-11,CUTTHROAT TROUT,100,ATHABASCA,2N,16.4
6607,CHAMPION LAKES,UPPER CHAMPION LAKE,-114.599941,50.815306,NW26-21-5-W5,2017-09-11,CUTTHROAT TROUT,100,ATHABASCA,2N,16.4
6607,CHAMPION LAKES,UPPER CHAMPION LAKE,-114.599941,50.815306,NW26-21-5-W5,2017-06-22,RAINBOW TROUT,300,TROUT LODGE/SILVER'S,AF3N,23.12
4261,CHICKAKOO LAKE,CHICKAKO LAKE,-114.074339,53.618628,SW34-53-1-W5,2017-05-19,RAINBOW TROUT,12392,TROUT LODGE,AF3N,20.57
6860,CHRYSTINA LAKE,,-115.194645,54.786102,NW8-67-8-W5,2017-05-31,BROOK TROUT,2100,BEITTY RESORT,3N,20.34
4374,CROWSNEST LAKE,,-114.637963,49.634111,NE8-8-5-W5,2017-04-25,RAINBOW TROUT,15000,TROUT LODGE,AF3N,16.9
4446,DILLBERRY LAKE,,-110.004391,52.576348,,2017-09-25,RAINBOW TROUT,5000,TROUT LODGE/SILVER'S,AF3N,
4446,DILLBERRY LAKE,,-110.004391,52.576348,,2017-09-25,RAINBOW TROUT,20000,BEITTY RESORT,2N,
4458,DOLBERG LAKE,,-115.053191,54.157685,SE1-60-8-W5,2017-05-11,RAINBOW TROUT,18000,TROUT LODGE/KAMLOOPS,AF3N,14.54
4488,DUNN LAKE,,-117.685762,53.654925,NW7-54-25-W5,2017-06-14,BROOK TROUT,3000,BEITTY RESORT,3N,20.55
4460,EAST DOLLAR LAKE,,-117.204628,55.314926,NW8-73-21-W5,2017-05-23,RAINBOW TROUT,3500,LYNDON,AF2N,27.16
4460,EAST DOLLAR LAKE,,-117.204628,55.314926,NW8-73-21-W5,2017-05-23,BROWN TROUT,500,BOW RIVER,3N,19.2
6044,EAST TWIN LAKE,,-117.533333,57.45,SW29-97-22-W5,2017-09-25,TIGER TROUT,1000,TIGER TROUT -BEBR,3N,24.7
6044,EAST TWIN LAKE,,-117.533333,57.45,SW29-97-22-W5,2017-05-15,RAINBOW TROUT,4200,LYNDON,AF2N,25.87
4505,EDITH LAKE,,-115.382263,54.801854,NE13-67-10-W5,2017-05-31,BROOK TROUT,2100,BEITTY RESORT,3N,20.24
6821,EMERALD LAKE,,-115.61828,54.333426,SW5-62-11-W5,2017-05-26,BROOK TROUT,2600,BEITTY RESORT,3N,20.68
6822,EMERSON LAKE,,-113.85125,50.576929,SW5-19-28-W4,2017-10-02,RAINBOW TROUT,1000,BEITTY RESORT,3N,20.9
6822,EMERSON LAKE,,-113.85125,50.576929,SW5-19-28-W4,2017-05-10,RAINBOW TROUT,2250,TROUT LODGE/SILVER'S,AF3N,22.61
4535,EMERSON LAKES,,-117.117962,53.726034,NW6-55-21-W5,2017-05-08,BROWN TROUT,900,BOW RIVER,3N,19.54
4535,EMERSON LAKES,,-117.117962,53.726034,NW6-55-21-W5,2017-05-08,RAINBOW TROUT,1250,LYNDON,AF2N,26.46
4535,EMERSON LAKES,,-117.117962,53.726034,NW6-55-21-W5,2017-05-08,RAINBOW TROUT,1250,TROUT LODGE/SILVER'S,AF3N,26.46
4539,ENGSTROM LAKE,,-110.906389,56.188889,NW17-83-6-W4,2017-09-25,RAINBOW TROUT,1081,TROUT LODGE/SILVER'S,AF3N,32.02
4539,ENGSTROM LAKE,,-110.906389,56.188889,NW17-83-6-W4,2017-09-28,RAINBOW TROUT,3913,TROUT LODGE/SILVER'S,AF3N,24.7
4539,ENGSTROM LAKE,,-110.906389,56.188889,NW17-83-6-W4,2017-10-09,RAINBOW TROUT,5000,BEITTY RESORT,3N,
4539,ENGSTROM LAKE,,-110.906389,56.188889,NW17-83-6-W4,2017-09-25,RAINBOW TROUT,5096,TROUT LODGE/JUMPERS,AF3N,22.25
4539,ENGSTROM LAKE,,-110.906389,56.188889,NW17-83-6-W4,2017-09-22,RAINBOW TROUT,10013,TROUT LODGE,AF3N,22.64
4539,ENGSTROM LAKE,,-110.906389,56.188889,NW17-83-6-W4,2017-10-09,RAINBOW TROUT,10000,TROUT LODGE/SILVER'S,AF3N,
4539,ENGSTROM LAKE,,-110.906389,56.188889,NW17-83-6-W4,2017-05-18,RAINBOW TROUT,25000,LYNDON,AF3N,11.1
4562,FAIRFAX LAKE,,-116.576532,52.971131,NW17-46-18-W5,2017-05-30,RAINBOW TROUT,10000,BEITTY RESORT,3N,12.18
3505,FYTEN RESERVOIR,,-113.331867,51.546348,NW4-30-24-W4,2017-09-18,RAINBOW TROUT,5000,BEITTY RESORT,2N,
3505,FYTEN RESERVOIR,,-113.331867,51.546348,NW4-30-24-W4,2017-05-05,RAINBOW TROUT,10000,BEITTY RESORT,2N,11.6
4642,GALATEA LAKES,LOWER GALATEA LAKE,-115.265111,50.865879,SW13-22-10-W5,2017-09-01,CUTTHROAT TROUT,500,JOB LAKE,2N,
4647,GAP LAKE,,-115.830899,52.330286,NE5-39-13-W5,2017-06-21,BROOK TROUT,2000,BEITTY RESORT,3N,7.95
4697,GOLDEYE LAKE,,-116.192114,52.449584,NE14-40-16-W5,2017-05-11,RAINBOW TROUT,10000,BEITTY RESORT,3N,18.2
4725,GRANDE CACHE LAKE,,-119.05,53.9,NE1-57-8-W6,2017-06-08,RAINBOW TROUT,30000,LYNDON,AF3N,11.42
4725,GRANDE CACHE LAKE,,-119.05,53.9,NE1-57-8-W6,2017-09-18,RAINBOW TROUT,10065,LYNDON,AF3N,11.45
3476,GROTTO MOUNTAIN POND,,-115.202402,51.065761,NW21-24-9-W5,2017-06-19,RAINBOW TROUT,800,TROUT LODGE/SILVER'S,AF3N,22.9
3476,GROTTO MOUNTAIN POND,,-115.202402,51.065761,NW21-24-9-W5,2017-04-18,RAINBOW TROUT,800,TROUT LODGE/SILVER'S,AF3N,21.3
26431,HIGH LEVEL COMMUNITY PARK POND,HIGH LEVEL TOWN POND,-117.163713,58.517177,SE6-110-19-W5,2017-05-24,RAINBOW TROUT,500,TROUT LODGE/SILVER'S,AF3N,21.56
6917,HINTON F & G POND,HINTON BORROW PIT,-117.605197,53.341065,SW28-50-25-W5,2017-05-18,RAINBOW TROUT,300,TROUT LODGE/SILVER'S,AF3N,21.63
6786,IRONSIDE POND,,-114.996541,52.246795,SW7-38-7-W5,2017-05-16,RAINBOW TROUT,500,BEITTY RESORT,3N,21.68
4909,ISLAND LAKE,,-114.684444,49.627778,NW12-8-6-W5,2017-05-08,RAINBOW TROUT,1900,BEITTY RESORT,3N,25.57
4920,JACK FISH LAKE,,-111.296351,53.594311,NW20-53-9-W4,2017-05-15,RAINBOW TROUT,5000,TROUT LODGE,AF3N,20.81
26729,KAKUT POND,,-118.529556,55.618695,NE27-76-4-W6,2017-06-01,RAINBOW TROUT,1500,LYNDON,AF2N,27.61
5002,KINKY LAKE,,-117.783145,53.280836,SE6-50-26-W5,2017-05-18,BROOK TROUT,7000,BEITTY RESORT,3N,20.7
4426,LAC DELORME,GEORGE'S LAKE,-111.1509,53.896214,SE5-57-8-W4,2017-05-19,RAINBOW TROUT,615,LYNDON,AF2N,28.02
19760,LAC LA BICHE TROUT POND,ALEXANDER HAMILTON POND,-111.953265,54.775532,NW5-67-13-W4,2017-05-17,RAINBOW TROUT,600,LYNDON,AF2N,29.56
19760,LAC LA BICHE TROUT POND,ALEXANDER HAMILTON POND,-111.953265,54.775532,NW5-67-13-W4,2017-09-19,RAINBOW TROUT,600,BEITTY RESORT,2N,24.57
3479,LAMBERT POND,,-116.481493,53.566383,NW8-53-17-W5,2017-05-10,RAINBOW TROUT,2000,TROUT LODGE/SILVER'S,AF3N,22.61
5050,LEES LAKE,,-114.248586,49.541912,SW8-7-2-W5,2017-04-24,RAINBOW TROUT,19000,TROUT LODGE,AF3N,20.1
5050,LEES LAKE,,-114.248586,49.541912,SW8-7-2-W5,2017-09-18,RAINBOW TROUT,300,BEITTY RESORT,2N,40
5050,LEES LAKE,,-114.248586,49.541912,SW8-7-2-W5,2017-05-01,RAINBOW TROUT,250,CAMPBELL LAKE,2N,50
5050,LEES LAKE,,-114.248586,49.541912,SW8-7-2-W5,2017-05-08,RAINBOW TROUT,30,BEITTY RESORT,2N,30
5050,LEES LAKE,,-114.248586,49.541912,SW8-7-2-W5,2017-09-01,CUTTHROAT TROUT,14800,JOB LAKE,2N,
5093,LITTLE BEAR LAKE,HASSE LAKE,-110.300937,54.551596,NW19-64-2-W4,2017-06-07,RAINBOW TROUT,2814,LYNDON,AF2N,29
5093,LITTLE BEAR LAKE,HASSE LAKE,-110.300937,54.551596,NW19-64-2-W4,2017-09-29,RAINBOW TROUT,3328,TROUT LODGE/KAMLOOPS,AF3N,19.41
5093,LITTLE BEAR LAKE,HASSE LAKE,-110.300937,54.551596,NW19-64-2-W4,2017-09-29,RAINBOW TROUT,3875,LYNDON,AF2N,33.2
5093,LITTLE BEAR LAKE,HASSE LAKE,-110.300937,54.551596,NW19-64-2-W4,2017-06-06,RAINBOW TROUT,2455,TROUT LODGE,AF3N,18.22
5223,MARGARET LAKE,,-115.185439,51.401845,NW15-28-9-W5,2017-06-22,RAINBOW TROUT,3000,BEITTY RESORT,3N,10.7
5232,MARIGOLD LAKE,,-115.628279,54.671776,NW32-65-11-W5,2017-10-09,BROOK TROUT,3500,BEITTY RESORT,3N,
5245,MARY GREGG LAKE,,-117.454064,53.112602,NW4-48-24-W5,2017-06-08,RAINBOW TROUT,4000,TROUT LODGE,AF3N,18.3
5253,MAUDE LAKE,,-115.293158,50.689323,SW14-20-10-W5,2017-09-01,CUTTHROAT TROUT,1000,JOB LAKE,2N,16.4
3522,MCLEAN POND,,-114.669068,50.888074,NW20-22-5-W5,2017-07-23,RAINBOW TROUT,3500,TROUT LODGE/SILVER'S,AF3N,23.85
3522,MCLEAN POND,,-114.669068,50.888074,NW20-22-5-W5,2017-05-03,RAINBOW TROUT,3600,TROUT LODGE/SILVER'S,AF3N,21.1
5286,MCLEOD LAKE,CARSON LAKE,-115.652786,54.298603,SE25-61-12-W5,2017-05-29,RAINBOW TROUT,64306,LYNDON,AF3N,11.57
5286,MCLEOD LAKE,CARSON LAKE,-115.652786,54.298603,SE25-61-12-W5,2017-09-20,RAINBOW TROUT,61044,LYNDON,AF3N,16.97
5286,MCLEOD LAKE,CARSON LAKE,-115.652786,54.298603,SE25-61-12-W5,2017-05-30,RAINBOW TROUT,53694,LYNDON,AF3N,12.2
5286,MCLEOD LAKE,CARSON LAKE,-115.652786,54.298603,SE25-61-12-W5,2017-09-25,RAINBOW TROUT,11960,LYNDON,AF2N,17.96
5286,MCLEOD LAKE,CARSON LAKE,-115.652786,54.298603,SE25-61-12-W5,2017-09-28,RAINBOW TROUT,600,LYNDON,AF2N,34.18
2129,MEDLEY RIVER,,-110.186494,54.604201,SE11-65-2-W4,2017-05-27,RAINBOW TROUT,1500,TROUT LODGE/SILVER'S,AF3N,21.63
3523,MICHEL RESERVOIR,MICHELLE RESERVOIR,-110.372274,49.531283,NE5-7-3-W4,2017-04-19,RAINBOW TROUT,33000,LYNDON,AF2N,9.26
3523,MICHEL RESERVOIR,MICHELLE RESERVOIR,-110.372274,49.531283,NE5-7-3-W4,2017-10-09,RAINBOW TROUT,12500,TROUT LODGE/COLD WATER JUMPERS,AF3N,
3523,MICHEL RESERVOIR,MICHELLE RESERVOIR,-110.372274,49.531283,NE5-7-3-W4,2017-05-03,RAINBOW TROUT,7000,BEITTY RESORT,3N,11
3523,MICHEL RESERVOIR,MICHELLE RESERVOIR,-110.372274,49.531283,NE5-7-3-W4,2017-05-03,RAINBOW TROUT,10000,BEITTY RESORT,2N,11.5
3523,MICHEL RESERVOIR,MICHELLE RESERVOIR,-110.372274,49.531283,NE5-7-3-W4,2017-10-12,BROWN TROUT,12000,BOW RIVER,3N,9.86
3524,MICHICHI RESERVOIR,,-112.52946,51.582647,SW19-30-18-W4,2017-09-25,RAINBOW TROUT,7500,BEITTY RESORT,2N,
3524,MICHICHI RESERVOIR,,-112.52946,51.582647,SW19-30-18-W4,2017-05-05,RAINBOW TROUT,14000,BEITTY RESORT,2N,10.4
3524,MICHICHI RESERVOIR,,-112.52946,51.582647,SW19-30-18-W4,2017-09-25,RAINBOW TROUT,1566,CAMPBELL LAKE,2N,12.67
5324,MILLERS LAKE,,-116.768896,53.560075,SW8-53-19-W5,2017-05-06,RAINBOW TROUT,12000,TROUT LODGE/KAMLOOPS,AF3N,15.15
5348,MITCHELL LAKE,,-115.007692,52.216312,NE25-37-8-W5,2017-05-24,BROWN TROUT,500,BOW RIVER,3N,19.33
5348,MITCHELL LAKE,,-115.007692,52.216312,NE25-37-8-W5,2017-05-04,RAINBOW TROUT,4022,BEITTY RESORT,3N,18
6623,MITCHELL POND,WASKASOO PARK POND,-113.853351,52.269458,NW18-38-27-W4,2017-06-06,RAINBOW TROUT,200,TROUT LODGE/SILVER'S,AF3N,22.73
6623,MITCHELL POND,WASKASOO PARK POND,-113.853351,52.269458,NW18-38-27-W4,2017-06-06,RAINBOW TROUT,15,MOUNT LASSEN,2N,55
6684,MONTAGANEUSSE LAKE,STONEY LAKE,-118.461339,56.504886,NE31-86-3-W6,2017-05-31,RAINBOW TROUT,10000,TROUT LODGE/KAMLOOPS,AF3N,15.06
5360,MOONSHINE LAKE,MIRAGE LAKE,-119.227778,55.886111,SE31-79-8-W6,2017-09-18,TIGER TROUT,500,TIGER TROUT -BEBR,3N,25.35
5360,MOONSHINE LAKE,MIRAGE LAKE,-119.227778,55.886111,SE31-79-8-W6,2017-05-16,RAINBOW TROUT,9300,TROUT LODGE/KAMLOOPS,AF3N,14.12
5360,MOONSHINE LAKE,MIRAGE LAKE,-119.227778,55.886111,SE31-79-8-W6,2017-05-16,BROWN TROUT,500,BOW RIVER,3N,19.54
5360,MOONSHINE LAKE,MIRAGE LAKE,-119.227778,55.886111,SE31-79-8-W6,2017-09-18,BROWN TROUT,1500,BOW RIVER,3N,23.73
3482,MOUNT LORETTE PONDS,,-115.107943,50.969566,SW19-23-8-W5,2017-07-13,RAINBOW TROUT,800,TROUT LODGE/SILVER'S,AF3N,23.94
3482,MOUNT LORETTE PONDS,,-115.107943,50.969566,SW19-23-8-W5,2017-08-14,RAINBOW TROUT,800,TROUT LODGE/SILVER'S,AF3N,25
3482,MOUNT LORETTE PONDS,,-115.107943,50.969566,SW19-23-8-W5,2017-06-22,RAINBOW TROUT,800,TROUT LODGE/SILVER'S,AF3N,23
3482,MOUNT LORETTE PONDS,,-115.107943,50.969566,SW19-23-8-W5,2017-06-01,RAINBOW TROUT,800,TROUT LODGE/SILVER'S,AF3N,21.75
3482,MOUNT LORETTE PONDS,,-115.107943,50.969566,SW19-23-8-W5,2017-04-18,RAINBOW TROUT,800,TROUT LODGE/SILVER'S,AF3N,21.06
5387,MUIR LAKE,,-113.956437,53.624675,NW32-53-27-W4,2017-05-07,RAINBOW TROUT,1000,TROUT LODGE/KAMLOOPS,AF3N,15.15
5387,MUIR LAKE,,-113.956437,53.624675,NW32-53-27-W4,2017-05-07,BROWN TROUT,500,BOW RIVER,3N,19.54
5387,MUIR LAKE,,-113.956437,53.624675,NW32-53-27-W4,2017-05-07,RAINBOW TROUT,1000,TROUT LODGE,AF3N,17.06
5387,MUIR LAKE,,-113.956437,53.624675,NW32-53-27-W4,2017-05-07,RAINBOW TROUT,1000,LYNDON,AF2N,27.66
5407,MUSKIKI LAKE,,-116.874653,52.851672,NW5-45-20-W5,2017-09-01,CUTTHROAT TROUT,3000,0,2N,
6735,NIEMELA RESERVOIR,RAY'S POND,-114.292729,52.322935,SE1-39-3-W5,2017-06-05,RAINBOW TROUT,750,LYNDON,AF2N,29
6735,NIEMELA RESERVOIR,RAY'S POND,-114.292729,52.322935,SE1-39-3-W5,2017-06-05,RAINBOW TROUT,750,TROUT LODGE/SILVER'S,AF3N,22.94
6735,NIEMELA RESERVOIR,RAY'S POND,-114.292729,52.322935,SE1-39-3-W5,2017-05-08,RAINBOW TROUT,750,TROUT LODGE/SILVER'S,AF3N,27.02
6735,NIEMELA RESERVOIR,RAY'S POND,-114.292729,52.322935,SE1-39-3-W5,2017-05-08,RAINBOW TROUT,750,LYNDON,AF2N,27.02
5466,OBED LAKE,,-117.133333,53.566667,SW11-53-22-W5,2017-05-15,BROWN TROUT,7000,BOW RIVER,3N,19.66
5466,OBED LAKE,,-117.133333,53.566667,SW11-53-22-W5,2017-06-12,BROWN TROUT,7336,BOW RIVER,3N,20.3
5476,OLE LAKE,,-119.894419,56.316771,NW30-84-12-W6,2017-06-01,RAINBOW TROUT,3000,TROUT LODGE/SILVER'S,AF3N,21.91
5504,OUTPOST LAKE,POLICE LAKE,-113.456699,49.011823,NE6-1-26-W4,2017-10-02,RAINBOW TROUT,5000,TROUT LODGE/COLD WATER JUMPERS,AF3N,
5504,OUTPOST LAKE,POLICE LAKE,-113.456699,49.011823,NE6-1-26-W4,2017-05-02,RAINBOW TROUT,5000,TROUT LODGE/SILVER'S,AF3N,20.5
5504,OUTPOST LAKE,POLICE LAKE,-113.456699,49.011823,NE6-1-26-W4,2017-09-18,RAINBOW TROUT,7500,TROUT LODGE,3N,
5521,PARKER LAKE,,-114.621162,55.084708,SE25-70-5-W5,2017-10-09,RAINBOW TROUT,7800,TROUT LODGE/SILVER'S,AF3N,
5513,PAYNE LAKE,MAMI LAKE,-113.655837,49.1117,NE10-2-28-W4,2017-10-09,RAINBOW TROUT,2140,BEITTY RESORT,3N,21.1
5513,PAYNE LAKE,MAMI LAKE,-113.655837,49.1117,NE10-2-28-W4,2017-10-23,RAINBOW TROUT,52556,TROUT LODGE/SILVER'S,AF3N,11.2
5513,PAYNE LAKE,MAMI LAKE,-113.655837,49.1117,NE10-2-28-W4,2017-10-09,RAINBOW TROUT,12377,BEITTY RESORT,3N,20.7
5513,PAYNE LAKE,MAMI LAKE,-113.655837,49.1117,NE10-2-28-W4,2017-09-25,RAINBOW TROUT,10311,BEITTY RESORT,3N,20.7
5513,PAYNE LAKE,MAMI LAKE,-113.655837,49.1117,NE10-2-28-W4,2017-10-02,RAINBOW TROUT,10127,BEITTY RESORT,3N,21.1
5513,PAYNE LAKE,MAMI LAKE,-113.655837,49.1117,NE10-2-28-W4,2017-10-23,CUTTHROAT TROUT,200,JOB LAKE,2N,20.8
5513,PAYNE LAKE,MAMI LAKE,-113.655837,49.1117,NE10-2-28-W4,2017-05-01,RAINBOW TROUT,146100,BEITTY RESORT,3N,11.4
5513,PAYNE LAKE,MAMI LAKE,-113.655837,49.1117,NE10-2-28-W4,2017-09-01,CUTTHROAT TROUT,8375,JOB LAKE,2N,17.4
5513,PAYNE LAKE,MAMI LAKE,-113.655837,49.1117,NE10-2-28-W4,2017-10-16,RAINBOW TROUT,9503,BEITTY RESORT,3N,20.5
5538,PEANUT LAKE,,-114.352591,54.017399,NE15-58-3-W5,2017-05-26,RAINBOW TROUT,1500,TROUT LODGE/KAMLOOPS,AF3N,14.56
5538,PEANUT LAKE,,-114.352591,54.017399,NE15-58-3-W5,2017-05-26,RAINBOW TROUT,13500,TROUT LODGE,AF3N,16.89
5555,PEPPERS LAKE,,-115.705653,52.038779,NW30-35-12-W5,2017-06-01,BROOK TROUT,2392,BEITTY RESORT,3N,22.1
5555,PEPPERS LAKE,,-115.705653,52.038779,NW30-35-12-W5,2017-05-15,BROOK TROUT,3998,BEITTY RESORT,3N,21.7
5565,PETITE LAKE,,-117.702585,53.655681,NW12-54-26-W5,2017-05-29,RAINBOW TROUT,2000,TROUT LODGE/SILVER'S,AF3N,21.63
5569,PHYLLIS LAKE,,-114.966667,52.1,SE17-36-7-W5,2017-09-18,RAINBOW TROUT,145,MOUNT LASSEN,2N,55
5569,PHYLLIS LAKE,,-114.966667,52.1,SE17-36-7-W5,2017-05-25,RAINBOW TROUT,10000,TROUT LODGE,AF3N,17.74
6534,PIERRE GREYS LAKES,LOWER PIERRE GREYS LAKE,-118.60656,53.910427,SE12-57-5-W6,2017-06-03,RAINBOW TROUT,7000,TROUT LODGE/KAMLOOPS,AF3N,16.22
6533,PIERRE GREYS LAKES,MIDDLE PIERRE GREYS LAKE,-118.588692,53.90135,NW6-57-4-W6,2017-05-30,RAINBOW TROUT,7677,TROUT LODGE,AF3N,17.85
6533,PIERRE GREYS LAKES,MIDDLE PIERRE GREYS LAKE,-118.588692,53.90135,NW6-57-4-W6,2017-05-30,RAINBOW TROUT,7500,BEITTY RESORT,3N,12.21
5572,PIERRE GREYS LAKES,UPPER PIERRE GREYS LAKES,-118.585692,53.908548,SW7-57-4-W6,2017-06-03,BROOK TROUT,9000,BEITTY RESORT,3N,20.2
18007,PINE COULEE RESERVOIR,,-113.737738,50.1757,NE15-14-28-W4,2017-10-16,RAINBOW TROUT,14500,TROUT LODGE/COLD WATER JUMPERS,AF3N,
18007,PINE COULEE RESERVOIR,,-113.737738,50.1757,NE15-14-28-W4,2017-10-16,RAINBOW TROUT,15500,TROUT LODGE/SILVER'S,AF3N,
5661,REESOR LAKE,,-110.106922,49.66537,NW20-8-1-W4,2017-10-09,RAINBOW TROUT,2535,BEITTY RESORT,2N,19.5
5661,REESOR LAKE,,-110.106922,49.66537,NW20-8-1-W4,2017-05-08,RAINBOW TROUT,3000,TROUT LODGE,AF3N,17.06
5661,REESOR LAKE,,-110.106922,49.66537,NW20-8-1-W4,2017-10-09,RAINBOW TROUT,12000,TROUT LODGE/COLD WATER JUMPERS,AF3N,
5661,REESOR LAKE,,-110.106922,49.66537,NW20-8-1-W4,2017-05-08,RAINBOW TROUT,17000,TROUT LODGE/SILVER'S,AF3N,19.57
3485,ROCKY CHILDREN'S POND,,-114.949741,52.398682,SW33-39-7-W5,2017-05-11,RAINBOW TROUT,500,BEITTY RESORT,3N,21.7
5714,RUNNING LAKE,,-119.0339,56.669178,SW34-88-7-W6,2017-05-29,BROOK TROUT,3000,BEITTY RESORT,3N,19.54
5729,SALTER'S LAKE,,-114.191032,53.690156,SW26-54-2-W5,2017-05-05,RAINBOW TROUT,7500,LYNDON,AF2N,27.29
5729,SALTER'S LAKE,,-114.191032,53.690156,SW26-54-2-W5,2017-09-25,RAINBOW TROUT,5000,BEITTY RESORT,2N,
6695,SARDINE LAKE,,-114.551159,53.193482,SW5-49-4-W5,2017-05-23,RAINBOW TROUT,2500,BEITTY RESORT,3N,21.69
5753,SAUER LAKE,,-114.078152,53.612875,NE28-53-1-W5,2017-05-09,RAINBOW TROUT,1606,TROUT LODGE/SILVER'S,AF3N,18.36
5753,SAUER LAKE,,-114.078152,53.612875,NE28-53-1-W5,2017-05-09,RAINBOW TROUT,4394,TROUT LODGE/SILVER'S,AF3N,21.81
5766,SCHUMAN LAKE,,-115.077728,54.318086,SE35-61-8-W5,2017-05-11,RAINBOW TROUT,10000,LYNDON,AF2N,11.14
5804,SHUNDA LAKE,FISH LAKE,-116.149976,52.451617,SW19-40-15-W5,2017-05-29,RAINBOW TROUT,10000,BEITTY RESORT,3N,12.21
5804,SHUNDA LAKE,FISH LAKE,-116.149976,52.451617,SW19-40-15-W5,2017-05-29,RAINBOW TROUT,10000,TROUT LODGE,AF3N,18.2
3486,SIBBALD MEADOWS POND,,-114.944741,51.05457,SW20-24-7-W5,2017-05-03,RAINBOW TROUT,2000,TROUT LODGE/SILVER'S,AF3N,21.1
3486,SIBBALD MEADOWS POND,,-114.944741,51.05457,SW20-24-7-W5,2017-10-16,RAINBOW TROUT,2000,TROUT LODGE/SILVER'S,AF3N,
5858,SPARROW'S EGG LAKE,,-115.105897,50.673406,NW6-20-8-W5,2017-09-01,CUTTHROAT TROUT,500,JOB LAKE,2N,
5858,SPARROW'S EGG LAKE,,-115.105897,50.673406,NW6-20-8-W5,2017-06-22,RAINBOW TROUT,900,TROUT LODGE/SILVER'S,AF3N,23.64
5874,SPRING LAKE,COTTAGE,-114.138808,53.517861,SW30-52-1-W5,2017-09-18,RAINBOW TROUT,5000,TROUT LODGE/COLD WATER JUMPERS,AF3N,
5874,SPRING LAKE,COTTAGE,-114.138808,53.517861,SW30-52-1-W5,2017-09-18,RAINBOW TROUT,5000,BEITTY RESORT,2N,
5874,SPRING LAKE,COTTAGE,-114.138808,53.517861,SW30-52-1-W5,2017-05-15,RAINBOW TROUT,6400,TROUT LODGE/SILVER'S,AF3N,20.29
3534,SPRUCE COULEE RESERVOIR,,-110.181613,49.673739,SW26-8-2-W4,2017-06-08,BROOK TROUT,12000,BEITTY RESORT,3N,21.01
3534,SPRUCE COULEE RESERVOIR,,-110.181613,49.673739,SW26-8-2-W4,2017-10-09,BROOK TROUT,10466,BEITTY RESORT,3N,11.9
5895,STAR LAKE,,-114.273086,53.510057,NE19-52-2-W5,2017-09-18,RAINBOW TROUT,89,MOUNT LASSEN,2N,55
5895,STAR LAKE,,-114.273086,53.510057,NE19-52-2-W5,2017-09-11,RAINBOW TROUT,150,CAMPBELL LAKE,2N,50
5895,STAR LAKE,,-114.273086,53.510057,NE19-52-2-W5,2017-05-11,RAINBOW TROUT,8040,CAMPBELL LAKE,2N,20.32
5895,STAR LAKE,,-114.273086,53.510057,NE19-52-2-W5,2017-09-18,RAINBOW TROUT,27,CAMPBELL LAKE,2N,50
5919,STRUBEL LAKE,,-115.001395,52.203976,SW30-37-7-W5,2017-05-16,RAINBOW TROUT,1462,BEITTY RESORT,3N,18.11
5919,STRUBEL LAKE,,-115.001395,52.203976,SW30-37-7-W5,2017-05-25,RAINBOW TROUT,17000,BEITTY RESORT,3N,11.89
5929,SULPHUR LAKE,,-118.318549,56.706382,NW7-89-2-W6,2017-05-29,BROOK TROUT,4500,BEITTY RESORT,3N,19.54
5944,SWAN LAKE,,-117.813668,55.059122,SW18-70-25-W5,2017-05-18,RAINBOW TROUT,7934,TROUT LODGE/KAMLOOPS,AF3N,14.89
5944,SWAN LAKE,,-117.813668,55.059122,SW18-70-25-W5,2017-05-18,RAINBOW TROUT,7066,TROUT LODGE/KAMLOOPS,AF3N,16.21
5944,SWAN LAKE,,-117.813668,55.059122,SW18-70-25-W5,2017-09-26,RAINBOW TROUT,15000,TROUT LODGE/KAMLOOPS,AF3N,20.1
5968,TAY LAKE,,-115.11934,52.061406,SW5-36-8-W5,2017-06-21,RAINBOW TROUT,1000,BEITTY RESORT,3N,14.04
5968,TAY LAKE,,-115.11934,52.061406,SW5-36-8-W5,2017-06-21,RAINBOW TROUT,4000,BEITTY RESORT,3N,11.2
5990,THREE ISLE LAKE,,-115.277514,50.630121,SE26-19-10-W5,2017-09-11,CUTTHROAT TROUT,2000,JOB LAKE,2N,
6039,TWIN LAKES,,-115.001806,52.413889,SW6-40-7-W5,2017-06-09,RAINBOW TROUT,16,MOUNT LASSEN,2N,50
6039,TWIN LAKES,,-115.001806,52.413889,SW6-40-7-W5,2017-05-03,RAINBOW TROUT,7050,BEITTY RESORT,3N,21.5
6039,TWIN LAKES,,-115.001806,52.413889,SW6-40-7-W5,2017-09-18,RAINBOW TROUT,146,MOUNT LASSEN,2N,55
6535,TWO LAKES,NORTH TWO LAKE,-119.755438,54.380594,NE20-62-12-W6,2017-06-06,RAINBOW TROUT,7200,TROUT LODGE/SILVER'S,AF3N,22.07
6900,UNNAMED,ACADIA VALLEY RESERVOIR,-110.25524,51.099316,SW5-25-2-W4,2017-10-16,RAINBOW TROUT,1000,TROUT LODGE/SILVER'S,AF3N,13.5
6900,UNNAMED,ACADIA VALLEY RESERVOIR,-110.25524,51.099316,SW5-25-2-W4,2017-10-16,RAINBOW TROUT,1000,TROUT LODGE/SILVER'S,AF3N,25.1
6900,UNNAMED,ACADIA VALLEY RESERVOIR,-110.25524,51.099316,SW5-25-2-W4,2017-10-16,BROOK TROUT,1985,BEITTY RESORT,3N,14.9
6900,UNNAMED,ACADIA VALLEY RESERVOIR,-110.25524,51.099316,SW5-25-2-W4,2017-04-20,RAINBOW TROUT,6000,TROUT LODGE,AF3N,16.6
6902,UNNAMED,ALLISON LAKE,-114.604063,49.672284,SW27-8-5-W5,2017-09-25,RAINBOW TROUT,150,BEITTY RESORT,3N,33
6902,UNNAMED,ALLISON LAKE,-114.604063,49.672284,SW27-8-5-W5,2017-05-12,RAINBOW TROUT,930,BEITTY RESORT,3N,25.97
6902,UNNAMED,ALLISON LAKE,-114.604063,49.672284,SW27-8-5-W5,2017-05-22,RAINBOW TROUT,2770,BEITTY RESORT,3N,26
21353,UNNAMED,ARDMORE COMMUNITY POND,-110.479159,54.339952,NW1-62-4-W4,2017-05-03,RAINBOW TROUT,400,LYNDON,AF2N,27.66
6903,UNNAMED,ASHLAND RESERVOIR,-114.409999,53.147371,NW17-48-3-W5,2017-05-29,RAINBOW TROUT,25,MOUNT LASSEN,2N,50
6903,UNNAMED,ASHLAND RESERVOIR,-114.409999,53.147371,NW17-48-3-W5,2017-10-02,RAINBOW TROUT,1500,BEITTY RESORT,2N,
6903,UNNAMED,ASHLAND RESERVOIR,-114.409999,53.147371,NW17-48-3-W5,2017-05-12,RAINBOW TROUT,7831,CAMPBELL LAKE,2N,20.04
6904,UNNAMED,ATLANTIC RICHFIELD RESERVOIR,-115.326749,54.832388,NE29-67-9-W5,2017-05-31,RAINBOW TROUT,1800,LYNDON,AF2N,27.43
6905,UNNAMED,BASHAW POND,-112.966507,52.581079,SE4-42-21-W4,2017-04-28,BROOK TROUT,200,BEITTY RESORT,3N,19.49
6905,UNNAMED,BASHAW POND,-112.966507,52.581079,SE4-42-21-W4,2017-04-28,RAINBOW TROUT,143,LYNDON,AF2N,27.43
6892,UNNAMED,BATHING LAKE,-114.024744,49.278825,SE11-4-1-W5,2017-05-01,RAINBOW TROUT,750,BEITTY RESORT,3N,25.4
6892,UNNAMED,BATHING LAKE,-114.024744,49.278825,SE11-4-1-W5,2017-09-01,CUTTHROAT TROUT,500,JOB LAKE,2N,
6893,UNNAMED,BEAUMONT POND,-113.430512,53.346482,NW27-50-24-W4,2017-06-06,RAINBOW TROUT,200,TROUT LODGE/SILVER'S,AF3N,22.73
6893,UNNAMED,BEAUMONT POND,-113.430512,53.346482,NW27-50-24-W4,2017-10-02,RAINBOW TROUT,1000,BEITTY RESORT,3N,21.1
6893,UNNAMED,BEAUMONT POND,-113.430512,53.346482,NW27-50-24-W4,2017-05-08,RAINBOW TROUT,1250,TROUT LODGE/SILVER'S,AF3N,26.46
6893,UNNAMED,BEAUMONT POND,-113.430512,53.346482,NW27-50-24-W4,2017-05-08,RAINBOW TROUT,1250,LYNDON,AF2N,26.46
6893,UNNAMED,BEAUMONT POND,-113.430512,53.346482,NW27-50-24-W4,2017-05-08,BROWN TROUT,1000,BOW RIVER,3N,19.54
6894,UNNAMED,BELLIS BEACH LAKE,-112.15247,54.100613,SE15-59-15-W4,2017-05-23,RAINBOW TROUT,14000,TROUT LODGE,AF3N,16.65
6896,UNNAMED,BENNETT'S POND,-113.740366,52.008173,NW13-35-27-W4,2017-09-25,RAINBOW TROUT,500,TROUT LODGE,3N,
6923,UNNAMED,BLACK NUGGET MINE PIT,-112.532662,53.217685,NW11-49-18-W4,2017-09-11,RAINBOW TROUT,280,MOUNT LASSEN,2N,35
6923,UNNAMED,BLACK NUGGET MINE PIT,-112.532662,53.217685,NW11-49-18-W4,2017-09-27,TIGER TROUT,5000,TIGER TROUT -BEBR,3N,21.1
6923,UNNAMED,BLACK NUGGET MINE PIT,-112.532662,53.217685,NW11-49-18-W4,2017-10-02,RAINBOW TROUT,7500,BEITTY RESORT,2N,
6923,UNNAMED,BLACK NUGGET MINE PIT,-112.532662,53.217685,NW11-49-18-W4,2017-05-10,RAINBOW TROUT,12500,BEITTY RESORT,2N,21.5
6889,UNNAMED,BOEHLKE'S POND,-112.131457,52.042128,SE31-35-15-W4,2017-09-25,RAINBOW TROUT,2500,TROUT LODGE/SILVER'S,AF3N,
6889,UNNAMED,BOEHLKE'S POND,-112.131457,52.042128,SE31-35-15-W4,2017-09-25,RAINBOW TROUT,5000,BEITTY RESORT,2N,
6882,UNNAMED,BOW CITY EAST PONDS,-112.259866,50.434749,NE15-17-17-W4,2017-05-04,RAINBOW TROUT,1659,TROUT LODGE/SILVER'S,AF3N,20.5
6921,UNNAMED,BRAZEAU BORROW PIT #1,-115.414317,52.916194,SE32-45-10-W5,2017-05-30,RAINBOW TROUT,1500,TROUT LODGE/SILVER'S,AF3N,21.63
6922,UNNAMED,BRAZEAU BORROW PIT #2,-115.492258,52.934075,SW2-46-11-W5,2017-05-25,RAINBOW TROUT,666,BEITTY RESORT,3N,21.69
6922,UNNAMED,BRAZEAU BORROW PIT #2,-115.492258,52.934075,SW2-46-11-W5,2017-06-19,RAINBOW TROUT,335,TROUT LODGE/SILVER'S,AF3N,22.81
6922,UNNAMED,BRAZEAU BORROW PIT #2,-115.492258,52.934075,SW2-46-11-W5,2017-06-19,RAINBOW TROUT,500,TROUT LODGE/SILVER'S,AF3N,28.02
6873,UNNAMED,BROOKS AQUADUCT POND,-111.843722,50.524756,NE15-18-14-W4,2017-09-18,RAINBOW TROUT,10000,BEITTY RESORT,2N,
6873,UNNAMED,BROOKS AQUADUCT POND,-111.843722,50.524756,NE15-18-14-W4,2017-05-04,RAINBOW TROUT,20000,BEITTY RESORT,2N,11.6
6879,UNNAMED,BURMIS LAKE,-114.299609,49.553784,SE14-7-3-W5,2017-03-31,RAINBOW TROUT,1000,BEITTY RESORT,3N,22.25
6880,UNNAMED,BURN'S RESERVOIR,-113.93045,49.492841,NE23-6-30-W4,2017-04-25,RAINBOW TROUT,1000,BEITTY RESORT,3N,24.05
6614,UNNAMED,BY THE LAKE PARK,-113.408198,52.976846,SW22-46-24-W4,2017-09-11,RAINBOW TROUT,150,CAMPBELL LAKE,2N,50
6614,UNNAMED,BY THE LAKE PARK,-113.408198,52.976846,SW22-46-24-W4,2017-05-08,RAINBOW TROUT,5000,CAMPBELL LAKE,2N,20.77
6614,UNNAMED,BY THE LAKE PARK,-113.408198,52.976846,SW22-46-24-W4,2017-06-05,RAINBOW TROUT,25,MOUNT LASSEN,2N,50
6614,UNNAMED,BY THE LAKE PARK,-113.408198,52.976846,SW22-46-24-W4,2017-10-02,RAINBOW TROUT,2500,TROUT LODGE/SILVER'S,AF3N,
6614,UNNAMED,BY THE LAKE PARK,-113.408198,52.976846,SW22-46-24-W4,2017-09-11,RAINBOW TROUT,850,CAMPBELL LAKE,2N,10
21332,UNNAMED,CAMP 9 TROUT POND,-115.125149,52.84209,NE32-44-8-W5,2017-05-31,RAINBOW TROUT,500,BEITTY RESORT,3N,20.1
6868,UNNAMED,CARDIFF PARK POND,-113.584073,53.763266,SW24-55-25-W4,2017-05-04,RAINBOW TROUT,5000,LYNDON,AF2N,25.94
6868,UNNAMED,CARDIFF PARK POND,-113.584073,53.763266,SW24-55-25-W4,2017-05-24,RAINBOW TROUT,4500,TROUT LODGE,AF3N,17.37
6868,UNNAMED,CARDIFF PARK POND,-113.584073,53.763266,SW24-55-25-W4,2017-05-24,RAINBOW TROUT,2500,BEITTY RESORT,2N,11.86
6868,UNNAMED,CARDIFF PARK POND,-113.584073,53.763266,SW24-55-25-W4,2017-09-17,RAINBOW TROUT,1094,BEITTY RESORT,2N,24.57
6868,UNNAMED,CARDIFF PARK POND,-113.584073,53.763266,SW24-55-25-W4,2017-09-27,RAINBOW TROUT,600,LYNDON,AF2N,32.5
6868,UNNAMED,CARDIFF PARK POND,-113.584073,53.763266,SW24-55-25-W4,2017-10-02,RAINBOW TROUT,7500,TROUT LODGE/COLD WATER JUMPERS,AF3N,
6778,UNNAMED,CECIL THOMPSON POND,-117.20295,56.209063,SW23-83-21-W5,2017-05-23,RAINBOW TROUT,1000,TROUT LODGE/SILVER'S,AF3N,21.56
6861,UNNAMED,CIPPERLEY'S RESERVOIR,-114.111399,51.7253,SW8-32-1-W5,2017-06-06,RAINBOW TROUT,200,TROUT LODGE/SILVER'S,AF3N,22.73
6861,UNNAMED,CIPPERLEY'S RESERVOIR,-114.111399,51.7253,SW8-32-1-W5,2017-06-06,RAINBOW TROUT,15,MOUNT LASSEN,2N,55
6858,UNNAMED,COLEMAN FISH AND GAME POND,-114.559795,49.655563,SW24-8-5-W5,2017-05-24,RAINBOW TROUT,600,BEITTY RESORT,3N,27
6858,UNNAMED,COLEMAN FISH AND GAME POND,-114.559795,49.655563,SW24-8-5-W5,2017-05-10,RAINBOW TROUT,1000,BEITTY RESORT,3N,25.57
6845,UNNAMED,CORONATION RESERVOIR,-111.44958,52.105809,SW24-36-11-W4,2017-04-20,RAINBOW TROUT,8300,TROUT LODGE,AF3N,16.6
6846,UNNAMED,COTTONWOOD LAKE,-113.8722,49.5588,SE16-7-29-W4,2017-04-05,RAINBOW TROUT,750,BEITTY RESORT,3N,22.25
23293,UNNAMED,CROSSFIELD TROUT POND,-114.049779,51.422275,SE27-28-1-W5,2017-05-12,RAINBOW TROUT,1400,TROUT LODGE/SILVER'S,AF3N,21.61
6659,UNNAMED,DANDURAND LAKE,-116.736533,53.565803,NE9-53-19-W5,2017-05-10,RAINBOW TROUT,1000,TROUT LODGE/SILVER'S,AF3N,22.61
6853,UNNAMED,DEWITT'S POND,-114.121485,51.262527,SE31-26-1-W5,2017-04-18,RAINBOW TROUT,1244,TROUT LODGE/SILVER'S,AF3N,20.9
6853,UNNAMED,DEWITT'S POND,-114.121485,51.262527,SE31-26-1-W5,2017-04-18,RAINBOW TROUT,1219,TROUT LODGE,AF3N,16.5
6853,UNNAMED,DEWITT'S POND,-114.121485,51.262527,SE31-26-1-W5,2017-04-18,BROWN TROUT,600,BOW RIVER,3N,19.01
6844,UNNAMED,DICKSON TROUT POND,-114.309334,52.011001,NW13-35-3-W5,2017-05-02,RAINBOW TROUT,3358,TROUT LODGE/KAMLOOPS,AF3N,30
6844,UNNAMED,DICKSON TROUT POND,-114.309334,52.011001,NW13-35-3-W5,2017-09-25,RAINBOW TROUT,4919,TROUT LODGE,AF3N,
6844,UNNAMED,DICKSON TROUT POND,-114.309334,52.011001,NW13-35-3-W5,2017-05-06,RAINBOW TROUT,15000,TROUT LODGE,AF3N,20.1
6844,UNNAMED,DICKSON TROUT POND,-114.309334,52.011001,NW13-35-3-W5,2017-09-25,RAINBOW TROUT,10000,TROUT LODGE/COLD WATER JUMPERS,AF3N,
6833,UNNAMED,DIPLOMAT MINE POND,-112.180118,52.50583,NW1-41-16-W4,2017-05-08,RAINBOW TROUT,4206,CAMPBELL LAKE,2N,21.3
6833,UNNAMED,DIPLOMAT MINE POND,-112.180118,52.50583,NW1-41-16-W4,2017-06-07,RAINBOW TROUT,25,MOUNT LASSEN,2N,55
6833,UNNAMED,DIPLOMAT MINE POND,-112.180118,52.50583,NW1-41-16-W4,2017-05-08,RAINBOW TROUT,794,0,2N,16.62
6833,UNNAMED,DIPLOMAT MINE POND,-112.180118,52.50583,NW1-41-16-W4,2017-10-02,RAINBOW TROUT,5000,BEITTY RESORT,2N,
6840,UNNAMED,EAST PIT LAKE,-114.473822,53.584969,SE23-53-4-W5,2017-05-10,RAINBOW TROUT,11400,CAMPBELL LAKE,2N,20.24
6842,UNNAMED,ECHO DALE REGIONAL PARK POND,-110.780527,50.049958,SE5-13-6-W4,2017-05-04,RAINBOW TROUT,1659,TROUT LODGE/SILVER'S,AF3N,21.2
6842,UNNAMED,ECHO DALE REGIONAL PARK POND,-110.780527,50.049958,SE5-13-6-W4,2017-09-25,RAINBOW TROUT,1500,BEITTY RESORT,3N,
6820,UNNAMED,ELK CREEK POND,-115.657217,52.056822,NW33-35-12-W5,2017-05-26,RAINBOW TROUT,186,TROUT LODGE/SILVER'S,AF3N,22.86
6820,UNNAMED,ELK CREEK POND,-115.657217,52.056822,NW33-35-12-W5,2017-05-26,RAINBOW TROUT,314,TROUT LODGE,AF3N,17.4
6823,UNNAMED,ENCHANT POND,-112.432267,50.161135,NW8-14-18-W4,2017-04-26,RAINBOW TROUT,2039,TROUT LODGE/SILVER'S,AF3N,20.79
6825,UNNAMED,FAIRVIEW COLLEGE POND,-118.387234,56.0588,SW34-81-3-W6,2017-05-29,RAINBOW TROUT,500,LYNDON,AF2N,27.43
24364,UNNAMED,FIESTA LAKE,-114.726449,51.995874,NE12-35-6-W5,2017-05-16,RAINBOW TROUT,550,TROUT LODGE/SILVER'S,AF3N,18.44
6827,UNNAMED,FIGURE EIGHT LAKE,-117.906378,56.30153,NE20-84-25-W5,2017-06-05,RAINBOW TROUT,1800,TROUT LODGE/SILVER'S,AF3N,22.94
6827,UNNAMED,FIGURE EIGHT LAKE,-117.906378,56.30153,NE20-84-25-W5,2017-05-16,RAINBOW TROUT,7200,TROUT LODGE/KAMLOOPS,AF3N,14.12
6830,UNNAMED,FOOTNER POND,-117.156875,58.608147,SE5-111-19-W5,2017-05-24,RAINBOW TROUT,500,TROUT LODGE/SILVER'S,AF3N,21.56
6831,UNNAMED,FOREMOST RESERVOIR,-111.456691,49.477485,NW17-6-11-W4,2017-04-26,RAINBOW TROUT,1350,TROUT LODGE/SILVER'S,AF3N,20.79
6815,UNNAMED,FOX CREEK TROUT POND,-116.888798,54.45359,NW13-63-20-W5,2017-05-23,RAINBOW TROUT,500,LYNDON,AF2N,28.02
23292,UNNAMED,GENESEE TROUT POND,-114.309875,53.376492,NW1-51-3-W5,2017-05-29,RAINBOW TROUT,25,MOUNT LASSEN,2N,50
23292,UNNAMED,GENESEE TROUT POND,-114.309875,53.376492,NW1-51-3-W5,2017-10-02,RAINBOW TROUT,500,BEITTY RESORT,2N,
23292,UNNAMED,GENESEE TROUT POND,-114.309875,53.376492,NW1-51-3-W5,2017-05-29,RAINBOW TROUT,500,BEITTY RESORT,3N,20
6818,UNNAMED,GOLDSPRING PARK POND,-111.995479,49.095497,NE6-2-15-W4,2017-04-26,RAINBOW TROUT,680,TROUT LODGE/SILVER'S,AF3N,20.79
6818,UNNAMED,GOLDSPRING PARK POND,-111.995479,49.095497,NE6-2-15-W4,2017-04-26,RAINBOW TROUT,2071,TROUT LODGE,AF3N,17.2
6810,UNNAMED,GRANUM POND,-113.516665,49.870282,NW31-10-26-W4,2017-04-19,RAINBOW TROUT,306,TROUT LODGE/SILVER'S,AF3N,20.6
6806,UNNAMED,HANSEN'S RESERVOIR,-114.394522,52.297145,NE29-38-3-W5,2017-10-02,RAINBOW TROUT,1000,BEITTY RESORT,3N,20.3
6808,UNNAMED,HARLECK POND,-115.972609,52.494632,SE5-41-14-W5,2017-05-31,RAINBOW TROUT,300,BEITTY RESORT,3N,21.14
6808,UNNAMED,HARLECK POND,-115.972609,52.494632,SE5-41-14-W5,2017-05-31,RAINBOW TROUT,100,TROUT LODGE/SILVER'S,AF3N,22.8
6803,UNNAMED,HELMER RESERVOIR,-111.983108,51.649233,SW18-31-14-W4,2017-09-25,RAINBOW TROUT,5000,BEITTY RESORT,3N,
6803,UNNAMED,HELMER RESERVOIR,-111.983108,51.649233,SW18-31-14-W4,2017-04-20,RAINBOW TROUT,5000,TROUT LODGE,AF3N,16.6
6790,UNNAMED,HERITAGE LAKE,-113.66643,53.799728,NW33-55-25-W4,2017-05-02,BROOK TROUT,700,BEITTY RESORT,3N,19.49
6794,UNNAMED,HIGHWAY 40 POND,-118.782831,54.958674,SW12-69-6-W6,2017-06-01,RAINBOW TROUT,1000,LYNDON,AF2N,28.5
6668,UNNAMED,HIGHWAY 63 POND,-111.320447,56.588109,NE35-87-9-W4,2017-05-10,RAINBOW TROUT,1000,LYNDON,AF2N,27.34
6795,UNNAMED,HIGHWAY 686 POND,-116.954587,56.372419,NE17-85-19-W5,2017-05-24,RAINBOW TROUT,500,TROUT LODGE/SILVER'S,AF3N,21.56
6796,UNNAMED,HILLER'S RESERVOIR,-113.978521,51.739122,SE13-32-29-W4,2017-05-12,RAINBOW TROUT,6000,TROUT LODGE,AF3N,20.96
6780,UNNAMED,HUBER RESERVOIR,-111.732917,52.221611,SW36-37-13-W4,2017-04-20,RAINBOW TROUT,6000,TROUT LODGE,AF3N,16.6
6784,UNNAMED,INNISFREE TROUT POND,-111.629354,53.39796,SE13-51-12-W4,2017-05-07,RAINBOW TROUT,408,TROUT LODGE/SILVER'S,AF3N,22.37
6784,UNNAMED,INNISFREE TROUT POND,-111.629354,53.39796,SE13-51-12-W4,2017-05-07,BROOK TROUT,600,BEITTY RESORT,3N,19.49
6785,UNNAMED,IRMA FISH AND GAME POND,-111.236446,52.918593,SW34-45-9-W4,2017-05-07,BROOK TROUT,100,BEITTY RESORT,3N,19.49
6785,UNNAMED,IRMA FISH AND GAME POND,-111.236446,52.918593,SW34-45-9-W4,2017-05-07,RAINBOW TROUT,154,LYNDON,AF2N,27.66
6788,UNNAMED,JARVIS CREEK POND,-117.810057,53.508917,NE19-52-26-W5,2017-05-29,RAINBOW TROUT,700,TROUT LODGE/SILVER'S,AF3N,21.63
417476,UNNAMED,KEENEX TROUT POND,-113.208467,49.896607,NW10-11-24-W4,2017-04-19,RAINBOW TROUT,4000,TROUT LODGE/SILVER'S,AF3N,20.8
6770,UNNAMED,KERBE'S POND,-112.844594,52.112277,NE19-36-20-W4,2017-10-09,RAINBOW TROUT,500,TROUT LODGE,3N,
26447,UNNAMED,KIDS CAN CATCH POND,-114.017656,51.041403,SW13-24-1-W5,2017-05-06,RAINBOW TROUT,15,MOUNT LASSEN,2N,53.51
26447,UNNAMED,KIDS CAN CATCH POND,-114.017656,51.041403,SW13-24-1-W5,2017-05-30,RAINBOW TROUT,25,LYNDON,AF2N,25.73
26447,UNNAMED,KIDS CAN CATCH POND,-114.017656,51.041403,SW13-24-1-W5,2017-06-15,RAINBOW TROUT,26,LYNDON,AF2N,26.98
26447,UNNAMED,KIDS CAN CATCH POND,-114.017656,51.041403,SW13-24-1-W5,2017-05-06,RAINBOW TROUT,5,CAMPBELL LAKE,2N,53.51
26447,UNNAMED,KIDS CAN CATCH POND,-114.017656,51.041403,SW13-24-1-W5,2017-08-14,RAINBOW TROUT,25,LYNDON,AF2N,28
26447,UNNAMED,KIDS CAN CATCH POND,-114.017656,51.041403,SW13-24-1-W5,2017-05-13,RAINBOW TROUT,40,LYNDON,AF2N,25.73
6773,UNNAMED,KRAFT WIMBORNE POND,-113.620127,51.859122,SE28-33-26-W4,2017-05-18,BROOK TROUT,200,BEITTY RESORT,3N,21.7
6773,UNNAMED,KRAFT WIMBORNE POND,-113.620127,51.859122,SE28-33-26-W4,2017-05-18,RAINBOW TROUT,368,TROUT LODGE/SILVER'S,AF3N,18.5
6773,UNNAMED,KRAFT WIMBORNE POND,-113.620127,51.859122,SE28-33-26-W4,2017-05-18,RAINBOW TROUT,288,BEITTY RESORT,3N,21.7
6774,UNNAMED,KRAMER POND,-114.745933,52.906846,SW25-45-6-W5,2017-05-05,RAINBOW TROUT,5008,TROUT LODGE/SILVER'S,AF3N,18.6
20267,UNNAMED,LA CRETE POND,-115.906655,58.197347,SW15-106-12-W5,2017-05-24,RAINBOW TROUT,1500,TROUT LODGE/SILVER'S,AF3N,21.56
6776,UNNAMED,LACOMBE PARK POND,-113.653734,53.637547,NW5-54-25-W4,2017-06-05,RAINBOW TROUT,25,MOUNT LASSEN,2N,55
6776,UNNAMED,LACOMBE PARK POND,-113.653734,53.637547,NW5-54-25-W4,2017-05-19,RAINBOW TROUT,600,TROUT LODGE/SILVER'S,AF3N,21.93
6655,UNNAMED,LAMONT POND,-112.749283,53.775627,SW27-55-19-W4,2017-05-08,RAINBOW TROUT,843,TROUT LODGE/SILVER'S,AF3N,19.8
6655,UNNAMED,LAMONT POND,-112.749283,53.775627,SW27-55-19-W4,2017-05-08,BROOK TROUT,600,BEITTY RESORT,3N,19.49
24053,UNNAMED,LARA FISH POND,-110.61054,54.3089,NE25-61-5-W4,2017-05-06,RAINBOW TROUT,400,LYNDON,AF2N,27.66
24053,UNNAMED,LARA FISH POND,-110.61054,54.3089,NE25-61-5-W4,2017-10-04,RAINBOW TROUT,200,BEITTY RESORT,2N,19.41
6764,UNNAMED,LEDUC RESERVOIR,-113.567083,53.259984,NE27-49-25-W4,2017-05-11,RAINBOW TROUT,5000,CAMPBELL LAKE,2N,20.37
6767,UNNAMED,LITTLE BEAVERDAM LAKE,-113.655918,49.079532,SE34-1-28-W4,2017-05-31,BROOK TROUT,2500,BEITTY RESORT,3N,7.17
6658,UNNAMED,LOVETT LAKE,-116.706,53.041523,NW10-47-19-W5,2017-06-07,RAINBOW TROUT,1000,TROUT LODGE/KAMLOOPS,AF3N,15.86
6750,UNNAMED,MACHESIS LAKE,-116.585882,58.324911,NW27-107-16-W5,2017-05-24,RAINBOW TROUT,4000,TROUT LODGE/SILVER'S,AF3N,21.56
317719,UNNAMED,MAGRATH CHILDRENS POND,-112.864549,49.410488,SW26-5-22-W4,2017-04-27,RAINBOW TROUT,544,TROUT LODGE/SILVER'S,AF3N,20.75
19525,UNNAMED,MAYAN LAKE,-117.38983,53.902144,NW5-57-23-W5,2017-06-12,RAINBOW TROUT,2000,TROUT LODGE,AF3N,19.29
6753,UNNAMED,MCCLENNAN RESERVOIR,-116.919773,55.709784,SW32-77-19-W5,2017-05-23,RAINBOW TROUT,500,LYNDON,AF2N,27.56
6755,UNNAMED,MCLAREN'S RESERVOIR,-112.45129,51.840076,SW23-33-18-W4,2017-05-05,RAINBOW TROUT,12000,BEITTY RESORT,2N,10.4
6755,UNNAMED,MCLAREN'S RESERVOIR,-112.45129,51.840076,SW23-33-18-W4,2017-09-18,RAINBOW TROUT,5000,BEITTY RESORT,2N,
6757,UNNAMED,MCQUILLAN RESERVOIR,-112.45932,49.64707,SW13-8-19-W4,2017-04-27,RAINBOW TROUT,680,TROUT LODGE/SILVER'S,AF3N,20.75
6757,UNNAMED,MCQUILLAN RESERVOIR,-112.45932,49.64707,SW13-8-19-W4,2017-04-27,RAINBOW TROUT,4508,TROUT LODGE,AF3N,17.03
6758,UNNAMED,MCVINNIE RESERVOIR,-112.816726,50.035398,SW33-12-21-W4,2017-04-26,RAINBOW TROUT,2170,TROUT LODGE/SILVER'S,AF3N,20.79
6758,UNNAMED,MCVINNIE RESERVOIR,-112.816726,50.035398,SW33-12-21-W4,2017-04-26,RAINBOW TROUT,309,TROUT LODGE,AF3N,17.2
6721,UNNAMED,MD PEACE POND #1,-117.556197,56.222511,SW27-83-23-W5,2017-05-24,RAINBOW TROUT,1000,TROUT LODGE/SILVER'S,AF3N,21.56
22995,UNNAMED,MD PEACE POND #2,-117.553092,56.224205,SW27-83-23-W5,2017-05-24,RAINBOW TROUT,1000,TROUT LODGE/SILVER'S,AF3N,21.56
6642,UNNAMED,MILE 07 LAKE,-112.015324,55.021444,NE35-69-14-W4,2017-06-06,RAINBOW TROUT,2500,BEITTY RESORT,2N,21.54
6642,UNNAMED,MILE 07 LAKE,-112.015324,55.021444,NE35-69-14-W4,2017-06-06,RAINBOW TROUT,9500,TROUT LODGE/SILVER'S,AF3N,21.76
395196,UNNAMED,MITFORD PONDS,-114.49262,51.19005,SE4-26-4-W5,2017-04-18,BROWN TROUT,300,BOW RIVER,3N,19.01
395196,UNNAMED,MITFORD PONDS,-114.49262,51.19005,SE4-26-4-W5,2017-04-18,RAINBOW TROUT,305,TROUT LODGE,AF3N,16.5
395196,UNNAMED,MITFORD PONDS,-114.49262,51.19005,SE4-26-4-W5,2017-06-08,RAINBOW TROUT,200,TROUT LODGE/SILVER'S,AF3N,22.73
6736,UNNAMED,MORINVILLE FISH AND GAME POND,-113.658233,53.811848,NW4-56-25-W4,2017-09-25,RAINBOW TROUT,1000,BEITTY RESORT,3N,20.7
6736,UNNAMED,MORINVILLE FISH AND GAME POND,-113.658233,53.811848,NW4-56-25-W4,2017-05-02,RAINBOW TROUT,816,TROUT LODGE/SILVER'S,AF3N,22.37
6736,UNNAMED,MORINVILLE FISH AND GAME POND,-113.658233,53.811848,NW4-56-25-W4,2017-09-25,RAINBOW TROUT,3000,BEITTY RESORT,3N,
6736,UNNAMED,MORINVILLE FISH AND GAME POND,-113.658233,53.811848,NW4-56-25-W4,2017-05-02,BROWN TROUT,600,BOW RIVER,3N,19.33
6730,UNNAMED,MUSKOSEEPI POND,-118.806587,55.172657,SE26-71-6-W6,2017-06-01,RAINBOW TROUT,500,LYNDON,AF2N,27.71
6732,UNNAMED,NARDAM LAKE,-118.725502,55.762438,NE17-78-5-W6,2017-06-01,RAINBOW TROUT,500,LYNDON,AF2N,27.71
6734,UNNAMED,NICHOLAS SHERAN PARK POND,-112.879725,49.671905,SE26-8-22-W4,2017-03-29,BROOK TROUT,30,BEITTY RESORT,3N,26.24
6734,UNNAMED,NICHOLAS SHERAN PARK POND,-112.879725,49.671905,SE26-8-22-W4,2017-09-18,BROOK TROUT,53,BEITTY RESORT,2N,38.87
6734,UNNAMED,NICHOLAS SHERAN PARK POND,-112.879725,49.671905,SE26-8-22-W4,2017-09-25,BROWN TROUT,100,BOW RIVER,2N,39
6734,UNNAMED,NICHOLAS SHERAN PARK POND,-112.879725,49.671905,SE26-8-22-W4,2017-03-28,BROOK TROUT,399,BEITTY RESORT,2N,41
6647,UNNAMED,NITON LAKE,-115.725966,53.616078,SE32-53-12-W5,2017-05-10,RAINBOW TROUT,1500,LYNDON,AF2N,25.94
6914,UNNAMED,NORDEGG BORROW PIT (EAST),-116.122018,52.480398,SE32-40-15-W5,2017-05-29,RAINBOW TROUT,252,TROUT LODGE,AF3N,17.94
6914,UNNAMED,NORDEGG BORROW PIT (EAST),-116.122018,52.480398,SE32-40-15-W5,2017-05-29,RAINBOW TROUT,148,TROUT LODGE/SILVER'S,AF3N,22.15
6915,UNNAMED,NORDEGG BORROW PIT (WEST),-116.128512,52.484878,SW32-40-15-W5,2017-05-29,RAINBOW TROUT,185,TROUT LODGE/SILVER'S,AF3N,22.08
6915,UNNAMED,NORDEGG BORROW PIT (WEST),-116.128512,52.484878,SW32-40-15-W5,2017-05-29,RAINBOW TROUT,315,TROUT LODGE,AF3N,18.06
6724,UNNAMED,NUGGENT POND,-114.317013,52.791495,SE14-44-3-W5,2017-05-08,RAINBOW TROUT,500,LYNDON,AF2N,26.88
6724,UNNAMED,NUGGENT POND,-114.317013,52.791495,SE14-44-3-W5,2017-05-08,RAINBOW TROUT,500,TROUT LODGE/SILVER'S,AF3N,26.88
23789,UNNAMED,PIT 24,-116.714447,53.030531,NE4-47-19-W5,2017-06-07,RAINBOW TROUT,750,TROUT LODGE/KAMLOOPS,AF3N,15.86
23790,UNNAMED,PIT 35,-116.649313,52.992044,SW26-46-19-W5,2017-06-05,RAINBOW TROUT,390,TROUT LODGE/KAMLOOPS,AF3N,16.22
24312,UNNAMED,PIT 44,-116.653503,53.004695,SW35-46-19-W5,2017-06-05,RAINBOW TROUT,1100,TROUT LODGE/KAMLOOPS,AF3N,16.22
23791,UNNAMED,PIT 45,-116.645687,52.992815,SE26-46-19-W5,2017-06-05,RAINBOW TROUT,1100,TROUT LODGE/KAMLOOPS,AF3N,16.22
6706,UNNAMED,PLEASURE ISLAND RESERVOIR,-112.729392,52.979766,SW20-46-19-W4,2017-05-01,RAINBOW TROUT,487,TROUT LODGE,AF3N,17.06
6706,UNNAMED,PLEASURE ISLAND RESERVOIR,-112.729392,52.979766,SW20-46-19-W4,2017-05-01,BROOK TROUT,930,BEITTY RESORT,3N,19.49
6706,UNNAMED,PLEASURE ISLAND RESERVOIR,-112.729392,52.979766,SW20-46-19-W4,2017-05-01,BROWN TROUT,1000,BOW RIVER,3N,19.33
6706,UNNAMED,PLEASURE ISLAND RESERVOIR,-112.729392,52.979766,SW20-46-19-W4,2017-10-09,RAINBOW TROUT,1000,BEITTY RESORT,3N,21.5
26047,UNNAMED,RADWAY FISH POND,-112.95596,54.056793,SE31-58-20-W4,2017-10-19,RAINBOW TROUT,1000,BEITTY RESORT,3N,25.1
6705,UNNAMED,RAINBOW LAKE POND,-119.349303,58.495385,NE25-109-9-W6,2017-05-24,RAINBOW TROUT,500,TROUT LODGE/SILVER'S,AF3N,21.56
22504,UNNAMED,RIVERSTONE POND,-112.863787,49.659849,SW24-8-22-W4,2017-04-26,RAINBOW TROUT,1000,TROUT LODGE/SILVER'S,AF3N,20.79
22504,UNNAMED,RIVERSTONE POND,-112.863787,49.659849,SW24-8-22-W4,2017-10-02,RAINBOW TROUT,1000,BEITTY RESORT,3N,20.9
22504,UNNAMED,RIVERSTONE POND,-112.863787,49.659849,SW24-8-22-W4,2017-09-18,RAINBOW TROUT,800,BEITTY RESORT,3N,31.92
22504,UNNAMED,RIVERSTONE POND,-112.863787,49.659849,SW24-8-22-W4,2017-10-02,CUTTHROAT TROUT,1000,JOB LAKE,2N,18
22504,UNNAMED,RIVERSTONE POND,-112.863787,49.659849,SW24-8-22-W4,2017-04-04,RAINBOW TROUT,1000,BEITTY RESORT,3N,22.25
6697,UNNAMED,SEVERN CREEK RESERVOIR,-112.955705,51.208304,NW12-26-22-W4,2017-05-05,RAINBOW TROUT,20000,BEITTY RESORT,2N,10.4
328085,UNNAMED,SHELL TRUE NORTH POND,-119.167595,55.829544,SW10-79-8-W6,2017-06-01,BROOK TROUT,640,BEITTY RESORT,3N,20.53
6699,UNNAMED,SHEMELUK LAKE,-112.423089,54.212986,SW25-60-17-W4,2017-05-23,RAINBOW TROUT,6000,TROUT LODGE,AF3N,17.32
6688,UNNAMED,SHUSTER LAKE,-110.609119,52.740747,NE26-43-5-W4,2017-06-03,BROOK TROUT,10000,BEITTY RESORT,3N,20.33
6651,UNNAMED,SILKSTONE LAKE,-116.717434,53.0436,NE9-47-19-W5,2017-06-07,RAINBOW TROUT,1300,TROUT LODGE,AF3N,16.99
6692,UNNAMED,SPRING COULEE PARK POND,-113.108558,49.372404,NE12-5-24-W4,2017-04-27,RAINBOW TROUT,3000,TROUT LODGE,AF3N,17.03
6693,UNNAMED,SPRING LAKE,-119.583801,55.513162,NE23-75-11-W6,2017-05-17,RAINBOW TROUT,4074,TROUT LODGE,AF3N,21.21
6693,UNNAMED,SPRING LAKE,-119.583801,55.513162,NE23-75-11-W6,2017-05-17,RAINBOW TROUT,5926,TROUT LODGE/SILVER'S,AF3N,20.25
24702,UNNAMED,ST. PAUL FISH POND,-111.2685,53.9954,SE9-58-9-W4,2017-09-19,RAINBOW TROUT,900,LYNDON,AF2N,31.23
24702,UNNAMED,ST. PAUL FISH POND,-111.2685,53.9954,SE9-58-9-W4,2017-05-06,RAINBOW TROUT,1800,LYNDON,AF2N,23.67
6682,UNNAMED,STIRLING CHILDREN'S POND,-112.5376,49.500793,SW29-6-19-W4,2017-04-27,RAINBOW TROUT,830,TROUT LODGE/SILVER'S,AF3N,20.75
6686,UNNAMED,STRATHMORE CHILDREN'S POND,-113.390752,51.041855,SW14-24-25-W4,2017-05-03,RAINBOW TROUT,1300,TROUT LODGE/SILVER'S,AF3N,20.7
6635,UNNAMED,TAMARACK LAKE,-115.71791,54.702083,NE10-66-12-W5,2017-10-09,BROOK TROUT,3500,BEITTY RESORT,3N,
6635,UNNAMED,TAMARACK LAKE,-115.71791,54.702083,NE10-66-12-W5,2017-10-09,RAINBOW TROUT,8000,TROUT LODGE/SILVER'S,AF3N,
6674,UNNAMED,TELEGRAPH PARK POND,-113.044262,53.188646,NW32-48-21-W4,2017-10-09,RAINBOW TROUT,1000,BEITTY RESORT,3N,21.5
6636,UNNAMED,TEXACO EAST POND,-111.191296,56.637029,NW15-88-8-W4,2017-09-28,RAINBOW TROUT,2700,BEITTY RESORT,2N,23.33
6637,UNNAMED,TEXACO POND,-111.248523,56.639271,SW20-88-8-W4,2017-05-10,RAINBOW TROUT,1500,LYNDON,AF2N,27.15
6618,UNNAMED,VALLEYVIEW CHILDREN'S POND,-117.284529,55.076591,NE21-70-22-W5,2017-05-23,RAINBOW TROUT,500,LYNDON,AF2N,28.02
6620,UNNAMED,VEGREVILLE TROUT POND,-112.05988,53.474312,SW7-52-14-W4,2017-09-25,RAINBOW TROUT,5000,BEITTY RESORT,2N,
6620,UNNAMED,VEGREVILLE TROUT POND,-112.05988,53.474312,SW7-52-14-W4,2017-09-25,RAINBOW TROUT,2500,TROUT LODGE/SILVER'S,AF3N,
6620,UNNAMED,VEGREVILLE TROUT POND,-112.05988,53.474312,SW7-52-14-W4,2017-09-26,RAINBOW TROUT,600,LYNDON,AF2N,31.83
6620,UNNAMED,VEGREVILLE TROUT POND,-112.05988,53.474312,SW7-52-14-W4,2017-05-16,RAINBOW TROUT,10000,TROUT LODGE/SILVER'S,AF3N,21.63
6609,UNNAMED,WEBERVILLE POND,-117.311159,56.360995,NW7-85-21-W5,2017-05-24,RAINBOW TROUT,1000,TROUT LODGE/SILVER'S,AF3N,22.49
18019,UNNAMED,WETASKIWIN POND,-113.353311,52.987222,NE24-46-24-W4,2017-05-18,RAINBOW TROUT,201,TROUT LODGE/SILVER'S,AF3N,18.6
18019,UNNAMED,WETASKIWIN POND,-113.353311,52.987222,NE24-46-24-W4,2017-05-18,BROOK TROUT,220,BEITTY RESORT,3N,22.5
21137,UNNAMED,WHITECOURT TOWN POND,-115.685342,54.149158,NE35-59-12-W5,2017-05-17,RAINBOW TROUT,1500,LYNDON,AF2N,29.56
6625,UNNAMED,WILDWOOD POND,-115.318904,53.601291,SW30-53-9-W5,2017-05-06,RAINBOW TROUT,1500,TROUT LODGE/SILVER'S,AF3N,22.25
6617,UNNAMED,WINCHELL LAKE,-114.609375,51.454862,NW2-29-5-W5,2017-05-10,RAINBOW TROUT,225,TROUT LODGE/KAMLOOPS,AF3N,28.5
6617,UNNAMED,WINCHELL LAKE,-114.609375,51.454862,NW2-29-5-W5,2017-05-08,RAINBOW TROUT,5512,TROUT LODGE/SILVER'S,AF3N,18.5
6626,UNNAMED,WOLF CREEK POND,-116.2285,53.574507,SW13-53-16-W5,2017-05-10,RAINBOW TROUT,750,TROUT LODGE/SILVER'S,AF3N,21.5
6598,UNNAMED,ZAMA COMMUNITY POND,-118.681101,59.161004,SW18-117-4-W6,2017-05-24,RAINBOW TROUT,500,TROUT LODGE/SILVER'S,AF3N,21.56
6061,UPPER KANANASKIS LAKE,,-115.15,50.625,NW23-19-9-W5,2017-09-11,CUTTHROAT TROUT,10027,0,2N,
6086,VICTOR LAKE,,-119.090207,53.882014,SW35-56-8-W6,2017-06-12,RAINBOW TROUT,1027,TROUT LODGE/KAMLOOPS,AF3N,19.1
6086,VICTOR LAKE,,-119.090207,53.882014,SW35-56-8-W6,2017-06-12,RAINBOW TROUT,7685,TROUT LODGE/KAMLOOPS,AF3N,17.1
6086,VICTOR LAKE,,-119.090207,53.882014,SW35-56-8-W6,2017-06-12,RAINBOW TROUT,6288,TROUT LODGE/KAMLOOPS,AF3N,15.6
26854,WEST RIVERS EDGE POND,FORT LIONS PARK POND,-113.274136,53.683219,NE23-54-23-W4,2017-05-30,RAINBOW TROUT,1000,TROUT LODGE/SILVER'S,AF3N,22.2
26033,WHITERIDGE RECREATION AREA POND,BLUERIDGE PIT,-115.364319,54.15613,SW1-60-10-W5,2017-05-17,RAINBOW TROUT,2100,TROUT LODGE/SILVER'S,AF3N,20.39
6537,WILDHORSE LAKES,LOWER WILDHORSE LAKE,-117.792759,53.269491,SW31-49-26-W5,2017-05-18,RAINBOW TROUT,7500,TROUT LODGE,AF3N,16.42
6160,WILDHORSE LAKES,UPPER WILDHORSE LAKE,-117.80152,53.271338,SW31-49-26-W5,2017-05-30,BROOK TROUT,2500,BEITTY RESORT,3N,7.34
6601,YELLOWHEAD LAKE,,-114.802334,51.957774,SW33-34-6-W5,2017-06-21,BROOK TROUT,8700,BEITTY RESORT,3N,8.06
