WATERBODY ID,OFFICIAL NAME,COMMON NAME,LONG,LAT,ATS,SHIPMENT DATE,SPECIES,QUANTITY,GENOTYPE,AVG. LENGTH
22504,UNNAMED,RIVERSTONE POND,-112.70011,49.734363,SW18-9-20-W4,4/27/2011,RNTR,825,Triploid,24
6751,UNNAMED,MAGRATH CHILDREN'S POND,-112.869274,49.407453,SW26-5-22-W4,4/28/2011,RNTR,500,Diploid,21
6757,UNNAMED,MCQUILLAN RESERVOIR,-112.45932,49.64707,SW13-8-19-W4,4/28/2011,RNTR,3650,Diploid,21
6818,UNNAMED,GOLDSPRING PARK POND,-111.995479,49.095497,NE6-2-15-W4,4/28/2011,RNTR,1500,Diploid,21
6810,UNNAMED,GRANUM POND,-113.507613,49.862522,SE31-10-26-W4,4/28/2011,RNTR,450,Diploid,21
6682,UNNAMED,STIRLING CHILDREN'S POND,-112.5376,49.500793,SW29-6-19-W4,4/28/2011,RNTR,700,Diploid,21
3510,HENINGERS RESERVOIR, ,-111.562445,49.207984,SE16-3-12-W4,4/29/2011,RNTR,11000,Diploid,17
24278,UNNAMED,NEW DAYTON FISH AND GAME POND,-112.384948,49.434987,NE32-5-18-W4,4/29/2011,RNTR,4000,Diploid,17
6769,UNNAMED,KEENEX COULEE RESERVOIR,-113.199605,49.895155,SW10-11-24-W4,4/29/2011,RNTR,724,Diploid,17
6769,UNNAMED,KEENEX COULEE RESERVOIR,-113.199605,49.895155,SW10-11-24-W4,4/29/2011,RNTR,3276,Diploid,17
6620,UNNAMED,VEGREVILLE TROUT POND,-112.054068,53.490532,SW18-52-14-W4,4/29/2011,RNTR,6000,Diploid,17
6764,UNNAMED,LEDUC RESERVOIR,-113.567083,53.259984,NE27-49-25-W4,4/29/2011,RNTR,5000,Diploid,17
6692,UNNAMED,SPRING COULEE PARK POND,-113.110221,49.370342,SW12-5-24-W4,4/29/2011,RNTR,3000,Triploid,25
3476,GROTTO MOUNTAIN POND, ,-115.202402,51.065761,NW21-24-9-W5,5/2/2011,RNTR,800,Triploid,25
6734,UNNAMED,NICHOLAS SHERAN PARK POND,-112.879725,49.671905,SE26-8-22-W4,5/3/2011,BKTR,94,Diploid,39
6734,UNNAMED,NICHOLAS SHERAN PARK POND,-112.879725,49.671905,SE26-8-22-W4,5/3/2011,BKTR,55,Diploid,39
6734,UNNAMED,NICHOLAS SHERAN PARK POND,-112.879725,49.671905,SE26-8-22-W4,5/3/2011,BKTR,160,Diploid,39
6873,UNNAMED,BROOKS AQUADUCT POND,-111.843722,50.524756,NE15-18-14-W4,5/3/2011,RNTR,3280,Diploid,15
6873,UNNAMED,BROOKS AQUADUCT POND,-111.843722,50.524756,NE15-18-14-W4,5/3/2011,RNTR,26720,Diploid,15
21353,UNNAMED,ARDMORE COMMUNITY POND,-110.479159,54.339952,NW1-62-4-W4,5/4/2011,RNTR,600,Diploid,25
6734,UNNAMED,NICHOLAS SHERAN PARK POND,-112.879725,49.671905,SE26-8-22-W4,5/4/2011,BKTR,250,Diploid,28
3505,FYTEN RESERVOIR, ,-113.331867,51.546348,NW4-30-24-W4,5/4/2011,RNTR,1032,Diploid,14
3505,FYTEN RESERVOIR, ,-113.331867,51.546348,NW4-30-24-W4,5/4/2011,RNTR,8968,Diploid,14
3524,MICHICHI RESERVOIR, ,-112.52946,51.582647,SW19-30-18-W4,5/4/2011,RNTR,14000,Diploid,14
6833,UNNAMED,DIPLOMAT MINE POND,-112.180118,52.50583,NW1-41-16-W4,5/4/2011,RNTR,5000,Diploid,20
24053,UNNAMED,LARA FISH POND,-110.615227,54.308179,NE25-61-5-W4,5/4/2011,RNTR,400,Diploid,25
6697,UNNAMED,SEVERN CREEK RESERVOIR,-112.955705,51.208304,NW12-26-22-W4,5/4/2011,RNTR,6447,Diploid,13
6697,UNNAMED,SEVERN CREEK RESERVOIR,-112.955705,51.208304,NW12-26-22-W4,5/4/2011,RNTR,13553,Diploid,13
6755,UNNAMED,MCLAREN'S RESERVOIR,-112.45129,51.840076,SW23-33-18-W4,5/4/2011,RNTR,12000,Diploid,14
6791,UNNAMED,HERMITAGE PARK POND,-113.371337,53.581702,NE18-53-23-W4,5/5/2011,RNTR,3000,Diploid,20
4920,JACK FISH LAKE, ,-111.296351,53.594311,NW20-53-9-W4,5/5/2011,RNTR,5000,Diploid,19
3494,BLOOD INDIAN CREEK RESERVOIR, ,-111.210333,51.24853,SW28-26-9-W4,5/5/2011,RNTR,90480,Diploid,9
6620,UNNAMED,VEGREVILLE TROUT POND,-112.054068,53.490532,SW18-52-14-W4,5/5/2011,RNTR,4000,Diploid,19
19760,LAC LA BICHE TROUT POND,ALEXANDER HAMILTON POND,-111.952045,54.774535,NW5-67-13-W4,5/5/2011,RNTR,600,Diploid,25
6868,UNNAMED,CARDIFF PARK POND,-113.584073,53.763266,SW24-55-25-W4,5/6/2011,RNTR,4709,Diploid,16
6868,UNNAMED,CARDIFF PARK POND,-113.584073,53.763266,SW24-55-25-W4,5/6/2011,RNTR,4000,Diploid,16
6868,UNNAMED,CARDIFF PARK POND,-113.584073,53.763266,SW24-55-25-W4,5/6/2011,RNTR,1291,Diploid,16
6868,UNNAMED,CARDIFF PARK POND,-113.584073,53.763266,SW24-55-25-W4,5/6/2011,RNTR,5000,Diploid,13
5753,SAUER LAKE, ,-114.078152,53.612875,NE28-53-1-W5,5/6/2011,RNTR,770,Diploid,21
5753,SAUER LAKE, ,-114.078152,53.612875,NE28-53-1-W5,5/6/2011,RNTR,5230,Diploid,21
6735,UNNAMED,NIEMELA RESERVOIR,-114.292729,52.322935,SE1-39-3-W5,5/6/2011,RNTR,1500,Diploid,21
24702,UNNAMED,ST. PAUL FISH POND,-111.27959,53.998638,SW9-58-9-W4,5/6/2011,RNTR,300,Diploid,23
24702,UNNAMED,ST. PAUL FISH POND,-111.27959,53.998638,SW9-58-9-W4,5/6/2011,RNTR,300,Diploid,23
6923,UNNAMED,BLACK NUGGET MINE PIT,-112.532662,53.217685,NW11-49-18-W4,5/6/2011,RNTR,2100,Diploid,20
6923,UNNAMED,BLACK NUGGET MINE PIT,-112.532662,53.217685,NW11-49-18-W4,5/6/2011,RNTR,4320,Diploid,20
6923,UNNAMED,BLACK NUGGET MINE PIT,-112.532662,53.217685,NW11-49-18-W4,5/6/2011,RNTR,6098,Diploid,20
6686,UNNAMED,STRATHMORE CHILDREN'S POND,-113.390752,51.041855,SW14-24-25-W4,5/6/2011,RNTR,2500,Diploid,21
6853,UNNAMED,DEWITT'S POND,-114.121485,51.262527,SE31-26-1-W5,5/6/2011,RNTR,1000,Diploid,21
3494,BLOOD INDIAN CREEK RESERVOIR, ,-111.210333,51.24853,SW28-26-9-W4,5/6/2011,RNTR,67007,Diploid,9
6845,UNNAMED,CORONATION RESERVOIR,-111.44958,52.105809,SW24-36-11-W4,5/6/2011,RNTR,8300,Triploid,16
6806,UNNAMED,HANSEN'S RESERVOIR,-114.394522,52.297145,SW29-38-3-W5,5/6/2011,RNTR,3000,Diploid,21
23721,UNNAMED,CONSORT RESERVOIR,-110.77977,52.004231,SW15-35-6-W4,5/6/2011,RNTR,510,Diploid,17
6840,UNNAMED,EAST PIT LAKE,-114.530064,53.598702,NW21-53-4-W5,5/7/2011,RNTR,1708,Diploid,19
6840,UNNAMED,EAST PIT LAKE,-114.530064,53.598702,NW21-53-4-W5,5/7/2011,RNTR,4000,Diploid,19
6840,UNNAMED,EAST PIT LAKE,-114.530064,53.598702,NW21-53-4-W5,5/7/2011,RNTR,2080,Diploid,19
6840,UNNAMED,EAST PIT LAKE,-114.530064,53.598702,NW21-53-4-W5,5/7/2011,RNTR,1730,Diploid,19
6840,UNNAMED,EAST PIT LAKE,-114.530064,53.598702,NW21-53-4-W5,5/7/2011,RNTR,1320,Diploid,19
6840,UNNAMED,EAST PIT LAKE,-114.530064,53.598702,NW21-53-4-W5,5/7/2011,RNTR,842,Diploid,19
6878,BULLSHEAD RESERVOIR,BULLSHEAD CREEK RESERVOIR,-110.506929,49.677137,NE29-8-4-W4,5/7/2011,RNTR,5730,Triploid,24
6878,BULLSHEAD RESERVOIR,BULLSHEAD CREEK RESERVOIR,-110.506929,49.677137,NE29-8-4-W4,5/7/2011,RNTR,5730,Triploid,24
6796,UNNAMED,HILLER'S RESERVOIR,-113.978521,51.739122,SE13-32-29-W4,5/8/2011,RNTR,9000,Diploid,17
5874,SPRING LAKE,COTTAGE,-114.138808,53.517861,SW30-52-1-W5,5/8/2011,RNTR,10000,Diploid,19
5895,STAR LAKE, ,-114.273086,53.510057,NE19-52-2-W5,5/8/2011,RNTR,4900,Diploid,20
5895,STAR LAKE, ,-114.273086,53.510057,NE19-52-2-W5,5/8/2011,RNTR,1511,Diploid,20
6803,UNNAMED,HELMER RESERVOIR,-111.977647,51.656113,SW18-31-14-W4,5/8/2011,RNTR,5000,Triploid,16
6878,BULLSHEAD RESERVOIR,BULLSHEAD CREEK RESERVOIR,-110.506929,49.677137,NE29-8-4-W4,5/8/2011,RNTR,5730,Triploid,24
6746,UNNAMED,MIRROR RESERVOIR,-113.138878,52.464155,SW29-40-22-W4,5/9/2011,RNTR,4000,Diploid,21
3482,MOUNT LORETTE PONDS, ,-115.10769,50.969034,SW19-23-8-W5,5/9/2011,RNTR,995,Triploid,26
3482,MOUNT LORETTE PONDS, ,-115.10769,50.969034,SW19-23-8-W5,5/9/2011,RNTR,205,Triploid,26
5729,SALTER'S LAKE, ,-114.191032,53.690156,SW26-54-2-W5,5/9/2011,RNTR,9000,Diploid,18
5729,SALTER'S LAKE, ,-114.191032,53.690156,SW26-54-2-W5,5/9/2011,RNTR,6400,Diploid,18
24702,UNNAMED,ST. PAUL FISH POND,-111.27959,53.998638,SW9-58-9-W4,5/9/2011,RNTR,80,Diploid,20
24702,UNNAMED,ST. PAUL FISH POND,-111.27959,53.998638,SW9-58-9-W4,5/9/2011,RNTR,519,Diploid,20
6718,UNNAMED,PARLBY RESERVOIR,-113.316718,52.471946,NE25-40-24-W4,5/9/2011,RNTR,1000,Diploid,21
6082,UNNAMED,VERMILION PARK POND,-110.9,53.366667,SE1-51-7-W4,5/9/2011,RNTR,2000,Diploid,20
6905,UNNAMED,BASHAW POND,-112.966507,52.581079,SE4-42-21-W4,5/9/2011,RNTR,600,Diploid,21
6784,UNNAMED,INNISFREE TROUT POND,-111.645826,53.407254,NW13-51-12-W4,5/9/2011,RNTR,2000,Diploid,20
4231,CAVAN LAKE, ,-110.407082,49.935915,SW30-11-3-W4,5/9/2011,RNTR,5241,Diploid,18
4231,CAVAN LAKE, ,-110.407082,49.935915,SW30-11-3-W4,5/9/2011,RNTR,14592,Diploid,18
4231,CAVAN LAKE, ,-110.407082,49.935915,SW30-11-3-W4,5/9/2011,RNTR,650,Diploid,18
4458,DOLBERG LAKE, ,-115.053191,54.157685,SE1-60-8-W5,5/9/2011,RNTR,550,Diploid,16
4458,DOLBERG LAKE, ,-115.053191,54.157685,SE1-60-8-W5,5/9/2011,RNTR,17450,Diploid,16
6876,UNNAMED,BUD MILLER PARK POND,-110.040698,53.259224,NE26-49-1-W4,5/9/2011,RNTR,2000,Diploid,20
6878,BULLSHEAD RESERVOIR,BULLSHEAD CREEK RESERVOIR,-110.506929,49.677137,NE29-8-4-W4,5/9/2011,RNTR,2810,Triploid,24
6642,UNNAMED,MILE 07 LAKE,-112.015324,55.021444,NE35-69-14-W4,5/10/2011,RNTR,12000,Diploid,16
6619,UNNAMED,VEGREVILLE CHILDREN'S POND,-112.00492,53.46143,SW4-52-14-W4,5/10/2011,RNTR,1000,Diploid,20
18022,UNNAMED,CASTOR EASTSIDE TROUT POND,-111.927608,52.226632,NW34-37-14-W4,5/10/2011,RNTR,800,Diploid,20
6852,UNNAMED,DAYSLAND POND,-112.263607,52.86884,NE9-45-16-W4,5/10/2011,RNTR,500,Diploid,20
6871,UNNAMED,PONOKA CENTENNIAL PARK POND,-113.590891,52.693163,NE8-43-25-W4,5/10/2011,RNTR,750,Diploid,20
4208,CAPTAIN EYRE LAKE,CAPT AYRE,-110.714832,52.29945,NW30-38-5-W4,5/10/2011,RNTR,5000,Diploid,20
5324,MILLERS LAKE, ,-116.768896,53.560075,SW8-53-19-W5,5/10/2011,RNTR,12000,Triploid,17
6706,UNNAMED,PLEASURE ISLAND RESERVOIR,-112.719384,52.985233,NE20-46-19-W4,5/10/2011,RNTR,2000,Diploid,20
6659,UNNAMED,DANDURAND LAKE,-116.734669,53.559366,SE9-53-19-W5,5/10/2011,RNTR,1000,Triploid,13
6670,UNNAMED,TWO HILLS POND,-111.744946,53.703308,SW32-54-12-W4,5/10/2011,RNTR,1000,Diploid,20
6674,UNNAMED,TELEGRAPH PARK POND,-113.025614,53.180241,SW33-48-21-W4,5/10/2011,RNTR,1500,Diploid,20
6173,WINDSOR LAKE, ,-113.093667,52.595848,SW10-42-22-W4,5/10/2011,RNTR,4000,Diploid,20
6890,BONNYVILLE TOWN POND,SLAWUTA LAKE,-110.745372,54.265723,NW7-61-5-W4,5/10/2011,RNTR,500,Diploid,20
6761,UNNAMED,LOUGHEED TROUT POND,-111.533836,52.745163,SE33-43-11-W4,5/10/2011,RNTR,750,Diploid,20
18019,UNNAMED,WETASKIWIN POND,-113.360009,52.977951,SW24-46-24-W4,5/10/2011,RNTR,500,Diploid,20
4231,CAVAN LAKE, ,-110.407082,49.935915,SW30-11-3-W4,5/10/2011,RNTR,9517,Diploid,18
3479,LAMBERT POND, ,-116.481493,53.566383,NW8-53-17-W5,5/10/2011,RNTR,2000,Triploid,17
4446,DILLBERRY LAKE, ,-110.004391,52.576348,NE36-41-1-W4,5/10/2011,RNTR,3350,Diploid,18
4446,DILLBERRY LAKE, ,-110.004391,52.576348,NE36-41-1-W4,5/10/2011,RNTR,16706,Diploid,18
6623,UNNAMED,WASKASOO PARK POND,-113.849851,52.26661,SW18-38-27-W4,5/11/2011,RNTR,1000,Diploid,20
6671,UNNAMED,AIRDRIE POND,-114.019349,51.274481,SW1-27-1-W5,5/11/2011,RNTR,250,Diploid,20
6786,IRONSIDE POND, ,-114.996541,52.246795,SW7-38-7-W5,5/11/2011,RNTR,83,Diploid,25
6786,IRONSIDE POND, ,-114.996541,52.246795,SW7-38-7-W5,5/11/2011,RNTR,83,Diploid,25
6786,IRONSIDE POND, ,-114.996541,52.246795,SW7-38-7-W5,5/11/2011,RNTR,83,Diploid,25
6786,IRONSIDE POND, ,-114.996541,52.246795,SW7-38-7-W5,5/11/2011,RNTR,83,Diploid,25
6786,IRONSIDE POND, ,-114.996541,52.246795,SW7-38-7-W5,5/11/2011,RNTR,168,Diploid,25
6622,UNNAMED,WALLACE PARK POND,-110.862709,52.836074,NW31-44-6-W4,5/11/2011,RNTR,2000,Diploid,20
4261,CHICKAKOO LAKE,CHICKAKO LAKE,-114.074339,53.618628,SW34-53-1-W5,5/11/2011,RNTR,4020,Diploid,20
4261,CHICKAKOO LAKE,CHICKAKO LAKE,-114.074339,53.618628,SW34-53-1-W5,5/11/2011,RNTR,3994,Diploid,20
4261,CHICKAKOO LAKE,CHICKAKO LAKE,-114.074339,53.618628,SW34-53-1-W5,5/11/2011,BKTR,4000,Triploid,20
6776,UNNAMED,LACOMBE PARK POND,-113.653734,53.637547,NW5-54-25-W4,5/11/2011,RNTR,1000,Diploid,20
5538,PEANUT LAKE, ,-114.352591,54.017399,NE15-58-3-W5,5/11/2011,RNTR,15000,Diploid,16
6736,UNNAMED,MORINVILLE FISH AND GAME POND,-113.653975,53.806676,SE4-56-25-W4,5/11/2011,RNTR,1000,Diploid,20
20258,UNNAMED,CASTAWAY TROUT POND,-111.790693,53.09946,NE35-47-13-W4,5/11/2011,RNTR,1500,Diploid,20
5050,LEES LAKE, ,-114.248586,49.541912,SW8-7-2-W5,5/11/2011,RNTR,29355,Diploid,14
6716,UNNAMED,PADDLE RIVER DAM POND,-115.050562,53.895509,SE1-57-8-W5,5/11/2011,RNTR,1000,Diploid,20
6711,UNNAMED,PRO ALTA POND,-110.281204,52.346983,SW18-39-2-W4,5/11/2011,RNTR,1500,Diploid,20
6785,UNNAMED,IRMA FISH AND GAME POND,-111.219406,52.926951,NE34-45-9-W4,5/11/2011,RNTR,500,Diploid,20
6790,UNNAMED,HERITAGE LAKE,-113.66643,53.799728,NW33-55-25-W4,5/11/2011,RNTR,3000,Diploid,20
6827,UNNAMED,FIGURE EIGHT LAKE,-117.906378,56.30153,NE20-84-25-W5,5/11/2011,RNTR,4692,Triploid,16
6827,UNNAMED,FIGURE EIGHT LAKE,-117.906378,56.30153,NE20-84-25-W5,5/11/2011,RNTR,7308,Triploid,16
6773,UNNAMED,KRAFT POND,-113.609586,51.865057,NW27-33-26-W4,5/11/2011,RNTR,500,Diploid,20
6741,UNNAMED,MIDWAY RESERVOIR,-113.735238,51.565685,SE16-30-27-W4,5/11/2011,RNTR,3000,Diploid,20
5093,LITTLE BEAR LAKE,HASSE LAKE,-110.300937,54.551596,NW19-64-2-W4,5/12/2011,RNTR,9321,Diploid,20
5093,LITTLE BEAR LAKE,HASSE LAKE,-110.300937,54.551596,NW19-64-2-W4,5/12/2011,RNTR,7372,Diploid,17
5093,LITTLE BEAR LAKE,HASSE LAKE,-110.300937,54.551596,NW19-64-2-W4,5/12/2011,RNTR,700,Diploid,20
5093,LITTLE BEAR LAKE,HASSE LAKE,-110.300937,54.551596,NW19-64-2-W4,5/12/2011,RNTR,2515,Diploid,17
6822,EMERSON LAKE, ,-113.85125,50.576929,SW5-19-28-W4,5/12/2011,RNTR,2500,Diploid,21
23293,UNNAMED,CROSSFIELD TROUT POND,-114.049779,51.422275,SE27-28-1-W5,5/12/2011,RNTR,1400,Triploid,27
6528,CHAIN LAKES,LOWER CHAIN LAKE,-113.511311,54.964036,NW7-69-23-W4,5/12/2011,RNTR,13000,Diploid,12
6528,CHAIN LAKES,LOWER CHAIN LAKE,-113.511311,54.964036,NW7-69-23-W4,5/12/2011,RNTR,43335,Diploid,12
6737,UNNAMED,MOUND RED RESERVOIR,-113.961579,52.867842,NW11-45-28-W4,5/12/2011,RNTR,3000,Diploid,21
3485,ROCKY CHILDREN'S POND, ,-114.949741,52.398682,SW33-39-7-W5,5/12/2011,RNTR,500,Triploid,26
5387,MUIR LAKE, ,-113.956437,53.624675,NW32-53-27-W4,5/12/2011,RNTR,5720,Triploid,17
6724,UNNAMED,NUGGENT POND,-114.33408,52.796236,NW14-44-3-W5,5/12/2011,RNTR,1000,Diploid,21
6831,UNNAMED,FOREMOST RESERVOIR,-111.456691,49.477485,NW17-6-11-W4,5/13/2011,RNTR,1400,Diploid,21
26033,WHITERIDGE RECREATION AREA POND,BLUERIDGE PIT,-115.364319,54.15613,SW1-60-10-W5,5/13/2011,RNTR,2100,Triploid,17
6758,UNNAMED,MCVINNIE RESERVOIR,-112.816406,50.034691,SW33-12-21-W4,5/13/2011,RNTR,3000,Diploid,21
4460,DOLLAR LAKES,EAST DOLLAR LAKE,-117.204628,55.314926,NW8-73-21-W5,5/13/2011,RNTR,3000,Diploid,18
6882,UNNAMED,BOW CITY EAST PONDS,-112.255516,50.430146,SE15-17-17-W4,5/13/2011,RNTR,1000,Diploid,21
6598,UNNAMED,ZAMA COMMUNITY POND,-118.697898,59.161265,SW13-117-5-W6,5/13/2011,RNTR,500,Triploid,22
3523,MICHEL RESERVOIR,MICHELLE RESERVOIR,-110.372274,49.531283,NE5-7-3-W4,5/13/2011,RNTR,25000,Diploid,14
3523,MICHEL RESERVOIR,MICHELLE RESERVOIR,-110.372274,49.531283,NE5-7-3-W4,5/13/2011,RNTR,25000,Diploid,14
6842,UNNAMED,ECHO DALE REGIONAL PARK POND,-110.780527,50.049958,SE5-13-6-W4,5/13/2011,RNTR,1000,Diploid,21
6625,UNNAMED,WILDWOOD POND,-115.318621,53.601051,SW30-53-9-W5,5/13/2011,RNTR,1500,Diploid,19
21137,UNNAMED,WHITECOURT TOWN POND,-115.682814,54.148583,NE35-59-12-W5,5/13/2011,RNTR,1500,Diploid,27
6815,UNNAMED,FOX CREEK TROUT POND,-116.898281,54.453383,NW13-63-20-W5,5/13/2011,RNTR,500,Diploid,18
6823,UNNAMED,ENCHANT POND,-112.421643,50.153553,SE8-14-18-W4,5/13/2011,RNTR,1000,Diploid,21
6910,UNNAMED,PINE POINT BORROW PIT,-116.937675,54.465241,SW22-63-20-W5,5/13/2011,RNTR,300,Diploid,18
6647,UNNAMED,NITON LAKE,-115.757015,53.626885,NE31-53-12-W5,5/13/2011,RNTR,1500,Diploid,19
6921,UNNAMED,BRAZEAU BORROW PIT #1,-115.414317,52.916194,SE32-45-10-W5,5/14/2011,RNTR,1500,Diploid,17
20267,UNNAMED,LA CRETE POND,-115.900475,58.199028,SW15-106-12-W5,5/14/2011,RNTR,1500,Diploid,17
6750,UNNAMED,MACHESIS LAKE,-116.585882,58.324911,NW27-107-16-W5,5/14/2011,RNTR,4000,Diploid,17
6044,EAST TWIN LAKE, ,-117.533333,57.45,NE29-97-22-W5,5/14/2011,RNTR,4200,Diploid,18
6618,UNNAMED,VALLEYVIEW CHILDREN'S POND,-117.294397,55.072816,SW21-70-22-W5,5/14/2011,RNTR,500,Diploid,22
5050,LEES LAKE, ,-114.248586,49.541912,SW8-7-2-W5,5/14/2011,RNTR,1858,Diploid,14
5050,LEES LAKE, ,-114.248586,49.541912,SW8-7-2-W5,5/14/2011,RNTR,12691,Diploid,14
5050,LEES LAKE, ,-114.248586,49.541912,SW8-7-2-W5,5/14/2011,RNTR,1096,Diploid,14
6778,UNNAMED,CECIL THOMPSON POND,-117.182118,56.20873,SW24-83-21-W5,5/14/2011,RNTR,1000,Diploid,22
6721,UNNAMED,MD PEACE POND #1,-117.556197,56.222511,SW27-83-23-W5,5/14/2011,RNTR,1000,Diploid,22
22995,UNNAMED,PEACE POND #2,-117.553092,56.224205,SW27-83-23-W5,5/14/2011,RNTR,1000,Diploid,22
6705,UNNAMED,RAINBOW LAKE POND,-119.349303,58.495385,NE25-109-9-W6,5/14/2011,RNTR,500,Triploid,22
6753,UNNAMED,MCCLENNAN RESERVOIR,-116.919773,55.709784,SW32-77-19-W5,5/14/2011,RNTR,500,Diploid,22
6609,UNNAMED,WEBERVILLE POND,-117.311159,56.360995,NW7-85-21-W5,5/14/2011,RNTR,1000,Diploid,22
5513,PAYNE LAKE,MAMI LAKE,-113.655837,49.1117,NE10-2-28-W4,5/16/2011,RNTR,27002,Triploid,14
5513,PAYNE LAKE,MAMI LAKE,-113.655837,49.1117,NE10-2-28-W4,5/16/2011,RNTR,16911,Triploid,14
5513,PAYNE LAKE,MAMI LAKE,-113.655837,49.1117,NE10-2-28-W4,5/16/2011,RNTR,10800,Triploid,14
4426,LAC DELORME,GEORGE'S LAKE,-111.1509,53.896214,SE5-57-8-W4,5/16/2011,RNTR,4000,Diploid,19
6699,UNNAMED,SHEMELUK LAKE,-112.423089,54.212986,SW25-60-17-W4,5/16/2011,RNTR,1200,Diploid,16
6699,UNNAMED,SHEMELUK LAKE,-112.423089,54.212986,SW25-60-17-W4,5/16/2011,RNTR,2100,Diploid,16
6699,UNNAMED,SHEMELUK LAKE,-112.423089,54.212986,SW25-60-17-W4,5/16/2011,RNTR,2700,Diploid,16
5286,MCLEOD LAKE,CARSON LAKE,-115.652786,54.298603,SE25-61-12-W5,5/16/2011,RNTR,4341,Triploid,17
5286,MCLEOD LAKE,CARSON LAKE,-115.652786,54.298603,SE25-61-12-W5,5/16/2011,RNTR,17406,Triploid,17
3499,CHAIN LAKES RESERVOIR, ,-114.20802,50.236864,NE4-15-2-W5,5/16/2011,RNTR,28185,Triploid,14
3499,CHAIN LAKES RESERVOIR, ,-114.20802,50.236864,NE4-15-2-W5,5/16/2011,RNTR,28185,Triploid,14
6734,UNNAMED,NICHOLAS SHERAN PARK POND,-112.879725,49.671905,SE26-8-22-W4,5/17/2011,BKTR,450,Diploid,28
5513,PAYNE LAKE,MAMI LAKE,-113.655837,49.1117,NE10-2-28-W4,5/17/2011,RNTR,22761,Triploid,14
5513,PAYNE LAKE,MAMI LAKE,-113.655837,49.1117,NE10-2-28-W4,5/17/2011,RNTR,2785,Triploid,14
5513,PAYNE LAKE,MAMI LAKE,-113.655837,49.1117,NE10-2-28-W4,5/17/2011,RNTR,2139,Triploid,14
5513,PAYNE LAKE,MAMI LAKE,-113.655837,49.1117,NE10-2-28-W4,5/17/2011,RNTR,31949,Triploid,14
6684,MONTAGANEUSSE LAKE,STONEY LAKE,-118.461339,56.504886,NE31-86-3-W6,5/17/2011,RNTR,10000,Diploid,17
6844,UNNAMED,DICKSON TROUT POND,-114.309334,52.011001,NW13-35-3-W5,5/17/2011,RNTR,100,Diploid,41
5360,MOONSHINE LAKE,MIRAGE LAKE,-119.227778,55.886111,SE31-79-8-W6,5/17/2011,RNTR,2939,Diploid,18
5360,MOONSHINE LAKE,MIRAGE LAKE,-119.227778,55.886111,SE31-79-8-W6,5/17/2011,RNTR,2765,Diploid,18
5360,MOONSHINE LAKE,MIRAGE LAKE,-119.227778,55.886111,SE31-79-8-W6,5/17/2011,RNTR,3600,Diploid,18
3499,CHAIN LAKES RESERVOIR, ,-114.20802,50.236864,NE4-15-2-W5,5/17/2011,RNTR,30908,Triploid,13
3499,CHAIN LAKES RESERVOIR, ,-114.20802,50.236864,NE4-15-2-W5,5/17/2011,RNTR,30908,Triploid,14
6893,UNNAMED,BEAUMONT POND,-113.427692,53.345086,SW27-50-24-W4,5/18/2011,RNTR,3000,Diploid,21
5513,PAYNE LAKE,MAMI LAKE,-113.655837,49.1117,NE10-2-28-W4,5/18/2011,RNTR,44032,Triploid,12
6879,UNNAMED,BURMIS LAKE,-114.299609,49.553784,SE14-7-3-W5,5/18/2011,RNTR,1000,Diploid,27
4374,CROWSNEST LAKE, ,-114.637963,49.634111,NE8-8-5-W5,5/18/2011,RNTR,15000,Triploid,16
5476,OLE LAKE, ,-119.894419,56.316771,NW30-84-12-W6,5/18/2011,RNTR,3000,Diploid,19
6825,UNNAMED,FAIRVIEW COLLEGE POND,-118.384029,56.052793,NW27-81-3-W6,5/18/2011,RNTR,500,Diploid,22
6861,UNNAMED,CIPPERLEY'S RESERVOIR,-114.108144,51.729469,NW8-32-1-W5,5/18/2011,RNTR,1500,Diploid,20
6794,UNNAMED,HIGHWAY 40 POND,-118.782831,54.958674,SW12-69-6-W6,5/18/2011,RNTR,1000,Diploid,22
6732,UNNAMED,NARDAM LAKE,-118.725502,55.762438,NE17-78-5-W6,5/18/2011,RNTR,500,Diploid,22
17894,UNNAMED,ANDERSON DAM,-112.838356,51.419906,SW25-28-21-W4,5/18/2011,RNTR,3000,Diploid,20
6730,UNNAMED,MUSKOSEEPI POND,-118.814283,55.176946,SW26-71-6-W6,5/18/2011,RNTR,500,Diploid,22
5569,PHYLLIS LAKE, ,-114.966667,52.1,NW17-36-7-W5,5/18/2011,RNTR,80,Diploid,51
4965,KAKUT LAKE, ,-118.533333,55.625,SW34-76-4-W6,5/18/2011,RNTR,1500,Diploid,22
3499,CHAIN LAKES RESERVOIR, ,-114.20802,50.236864,NE4-15-2-W5,5/18/2011,RNTR,10453,Triploid,11
3499,CHAIN LAKES RESERVOIR, ,-114.20802,50.236864,NE4-15-2-W5,5/18/2011,RNTR,14849,Triploid,13
3499,CHAIN LAKES RESERVOIR, ,-114.20802,50.236864,NE4-15-2-W5,5/18/2011,RNTR,23564,Triploid,13
3499,CHAIN LAKES RESERVOIR, ,-114.20802,50.236864,NE4-15-2-W5,5/18/2011,RNTR,31948,Triploid,14
6655,UNNAMED,LAMONT POND,-112.749283,53.775627,SW27-55-19-W4,5/19/2011,RNTR,2000,Diploid,21
5504,OUTPOST LAKE,POLICE LAKE,-113.456699,49.011823,NE6-1-26-W4,5/19/2011,RNTR,3225,Triploid,16
5504,OUTPOST LAKE,POLICE LAKE,-113.456699,49.011823,NE6-1-26-W4,5/19/2011,RNTR,1210,Triploid,17
5504,OUTPOST LAKE,POLICE LAKE,-113.456699,49.011823,NE6-1-26-W4,5/19/2011,RNTR,8915,Triploid,17
5504,OUTPOST LAKE,POLICE LAKE,-113.456699,49.011823,NE6-1-26-W4,5/19/2011,RNTR,16650,Triploid,17
5513,PAYNE LAKE,MAMI LAKE,-113.655837,49.1117,NE10-2-28-W4,5/19/2011,RNTR,12414,Triploid,12
6846,UNNAMED,COTTONWOOD LAKE,-113.880322,49.564374,NW16-7-29-W4,5/19/2011,RNTR,750,Diploid,27
6844,UNNAMED,DICKSON TROUT POND,-114.309334,52.011001,NW13-35-3-W5,5/19/2011,RNTR,80,Diploid,46
6844,UNNAMED,DICKSON TROUT POND,-114.309334,52.011001,NW13-35-3-W5,5/19/2011,RNTR,20,Diploid,46
5895,STAR LAKE, ,-114.273086,53.510057,NE19-52-2-W5,5/19/2011,RNTR,756,Diploid,22
5895,STAR LAKE, ,-114.273086,53.510057,NE19-52-2-W5,5/19/2011,RNTR,884,Diploid,22
6765,UNNAMED,LEGAL RESERVOIR,-113.576888,53.938127,SE24-57-25-W4,5/19/2011,RNTR,2000,Diploid,21
5286,MCLEOD LAKE,CARSON LAKE,-115.652786,54.298603,SE25-61-12-W5,5/19/2011,RNTR,5790,Triploid,17
5286,MCLEOD LAKE,CARSON LAKE,-115.652786,54.298603,SE25-61-12-W5,5/19/2011,RNTR,15325,Triploid,17
26047,UNNAMED,RADWAY FISH POND,-112.95596,54.056793,SE31-58-20-W4,5/19/2011,RNTR,1000,Diploid,21
6613,UNNAMED,WESTLOCK RECREATION POND,-113.727525,54.145706,NE31-59-25-W4,5/19/2011,RNTR,2000,Diploid,21
6714,UNNAMED,OYEN RESERVOIR,-110.48757,51.62757,NE3-31-4-W4,5/20/2011,RNTR,700,Diploid,20
6880,UNNAMED,BURN'S RESERVOIR,-113.935337,49.498883,SE26-6-30-W4,5/20/2011,RNTR,500,Pressure Treated as Triploid,27
6809,UNNAMED,GOOSEBERRY PARK POND,-110.771236,52.110661,NE22-36-6-W4,5/20/2011,RNTR,3500,Diploid,20
4011,BEAUVAIS LAKE, ,-114.105019,49.411416,SW29-5-1-W5,5/20/2011,RNTR,10221,Diploid,17
4011,BEAUVAIS LAKE, ,-114.105019,49.411416,SW29-5-1-W5,5/20/2011,RNTR,1624,Diploid,17
4011,BEAUVAIS LAKE, ,-114.105019,49.411416,SW29-5-1-W5,5/20/2011,RNTR,11155,Diploid,18
3486,SIBBALD MEADOWS POND, ,-114.944741,51.05457,SW20-24-7-W5,5/20/2011,RNTR,2000,Triploid,26
23292,UNNAMED,GENESEE TROUT POND,-114.309875,53.376492,NW1-51-3-W5,5/20/2011,RNTR,500,Diploid,19
6903,UNNAMED,ASHLAND RESERVOIR,-114.409999,53.147371,NW17-48-3-W5,5/20/2011,RNTR,1309,Diploid,21
6903,UNNAMED,ASHLAND RESERVOIR,-114.409999,53.147371,NW17-48-3-W5,5/20/2011,RNTR,4107,Diploid,20
6903,UNNAMED,ASHLAND RESERVOIR,-114.409999,53.147371,NW17-48-3-W5,5/20/2011,RNTR,3893,Diploid,20
6903,UNNAMED,ASHLAND RESERVOIR,-114.409999,53.147371,NW17-48-3-W5,5/20/2011,RNTR,1691,Diploid,21
3470,ALLEN BILL POND, ,-114.689747,50.900514,NW30-22-5-W5,5/20/2011,RNTR,2000,Triploid,26
5805,UNNAMED,SIBBALD LAKE,-114.866712,51.048693,NE14-24-7-W5,5/20/2011,RNTR,1125,Diploid,18
6884,UNNAMED,BOYLE POND,-112.80524,54.537414,NE16-64-19-W4,5/20/2011,RNTR,2000,Diploid,20
3522,MCLEAN POND, ,-114.665596,50.891975,NW20-22-5-W5,5/20/2011,RNTR,3600,Triploid,16
18020,UNNAMED,OYEN (CONCRETE PLANT) POND,-110.485636,51.350601,SW34-27-4-W4,5/20/2011,RNTR,1200,Diploid,20
21332,UNNAMED,CAMP 9 TROUT POND,-115.124687,52.841603,NE32-44-8-W5,5/21/2011,RNTR,500,Triploid,26
6726,UNNAMED,OPEN CREEK RESERVOIR,-114.729184,52.648629,NE25-42-6-W5,5/21/2011,RNTR,6000,Diploid,16
6774,UNNAMED,KRAMER POND,-114.745933,52.906846,SW25-45-6-W5,5/21/2011,RNTR,5000,Diploid,15
6039,TWIN LAKES, ,-115.001806,52.413889,SW6-40-7-W5,5/21/2011,RNTR,7000,Triploid,17
5569,PHYLLIS LAKE, ,-114.966667,52.1,NW17-36-7-W5,5/21/2011,RNTR,10000,Triploid,17
6770,UNNAMED,KERBE'S POND,-112.844594,52.112277,NE19-36-20-W4,5/22/2011,RNTR,1000,Triploid,26
5661,REESOR LAKE, ,-110.106922,49.66537,NW20-8-1-W4,5/22/2011,RNTR,17775,Diploid,14
5661,REESOR LAKE, ,-110.106922,49.66537,NW20-8-1-W4,5/22/2011,RNTR,34053,Diploid,13
5661,REESOR LAKE, ,-110.106922,49.66537,NW20-8-1-W4,5/22/2011,RNTR,12172,Diploid,14
6695,SARDINE LAKE, ,-114.551159,53.193482,SW5-49-4-W5,5/23/2011,RNTR,2500,Diploid,17
3899,ALFORD LAKE, ,-115.092202,52.063523,SW4-36-8-W5,5/23/2011,RNTR,3000,Diploid,17
6914,UNNAMED,NORDEGG BORROW PIT (EAST),-116.122018,52.480398,SE32-40-15-W5,5/23/2011,RNTR,300,Triploid,26
6915,UNNAMED,NORDEGG BORROW PIT (WEST),-116.128512,52.484878,SW32-40-15-W5,5/23/2011,RNTR,400,Triploid,26
6820,UNNAMED,ELK CREEK POND,-115.657217,52.056822,NW33-35-12-W5,5/23/2011,RNTR,500,Triploid,26
5348,MITCHELL LAKE, ,-115.007692,52.216312,NE25-37-8-W5,5/23/2011,RNTR,4000,Diploid,17
5919,STRUBEL LAKE, ,-115.001395,52.203976,SW30-37-7-W5,5/23/2011,RNTR,19000,Triploid,11
6808,UNNAMED,HARLECK POND,-115.972609,52.494632,SE5-41-14-W5,5/23/2011,RNTR,400,Triploid,26
4697,GOLDEYE LAKE, ,-116.192114,52.449584,NE14-40-16-W5,5/23/2011,RNTR,10000,Triploid,11
5565,PETITE LAKE, ,-117.702585,53.655681,NW12-54-26-W5,5/24/2011,RNTR,2000,Triploid,17
6160,WILDHORSE LAKES,UPPER WILDHORSE LAKE,-117.80152,53.271338,SW31-49-26-W5,5/24/2011,RNTR,7500,Triploid,17
6668,UNNAMED,HIGHWAY 63 POND,-111.34796,56.544368,SW15-87-9-W4,5/24/2011,RNTR,1000,Diploid,18
4011,BEAUVAIS LAKE, ,-114.105019,49.411416,SW29-5-1-W5,5/24/2011,BNTR,730,Diploid,21
6617,UNNAMED,WINCHELL LAKE,-114.609375,51.454862,NW2-29-5-W5,5/24/2011,RNTR,6000,Triploid,17
6844,UNNAMED,DICKSON TROUT POND,-114.309334,52.011001,NW13-35-3-W5,5/24/2011,RNTR,100,Diploid,57
6844,UNNAMED,DICKSON TROUT POND,-114.309334,52.011001,NW13-35-3-W5,5/24/2011,RNTR,17367,Triploid,19
6039,TWIN LAKES, ,-115.001806,52.413889,SW6-40-7-W5,5/24/2011,RNTR,84,Diploid,57
6788,UNNAMED,JARVIS CREEK POND,-117.808513,53.512843,SW29-52-26-W5,5/24/2011,RNTR,700,Triploid,17
2129,MEDLEY RIVER, ,-110.186494,54.604201,SE11-65-2-W4,5/24/2011,RNTR,1500,Triploid,20
6917,HINTON F & G POND,HINTON BORROW PIT,-117.605197,53.341065,SW28-50-25-W5,5/24/2011,RNTR,300,Triploid,17
5944,SWAN LAKE, ,-117.813668,55.059122,SW18-70-25-W5,5/25/2011,RNTR,30461,Diploid,15
4011,BEAUVAIS LAKE, ,-114.105019,49.411416,SW29-5-1-W5,5/25/2011,BNTR,90,Diploid,56
6688,UNNAMED,SHUSTER LAKE,-110.609119,52.740747,NE26-43-5-W4,5/25/2011,BKTR,7400,Triploid,19
6688,UNNAMED,SHUSTER LAKE,-110.609119,52.740747,NE26-43-5-W4,5/25/2011,BKTR,2000,Triploid,19
6688,UNNAMED,SHUSTER LAKE,-110.609119,52.740747,NE26-43-5-W4,5/25/2011,BKTR,616,Triploid,19
6844,UNNAMED,DICKSON TROUT POND,-114.309334,52.011001,NW13-35-3-W5,5/25/2011,RNTR,1995,Diploid,24
6844,UNNAMED,DICKSON TROUT POND,-114.309334,52.011001,NW13-35-3-W5,5/25/2011,RNTR,1545,Diploid,24
6636,UNNAMED,TEXACO EAST POND,-111.195149,56.628023,SW15-88-8-W4,5/25/2011,RNTR,2700,Diploid,18
4539,ENGSTROM LAKE, ,-110.906389,56.188889,SE17-83-6-W4,5/25/2011,RNTR,10615,Triploid,18
6637,UNNAMED,TEXACO POND,-111.248523,56.639271,SW20-88-8-W4,5/25/2011,RNTR,1500,Diploid,18
5093,LITTLE BEAR LAKE,HASSE LAKE,-110.300937,54.551596,NW19-64-2-W4,5/26/2011,RNTR,1106,Diploid,20
6626,UNNAMED,WOLF CREEK POND,-116.218917,53.581193,NE13-53-16-W5,5/26/2011,RNTR,750,Triploid,18
6658,UNNAMED,LOVETT LAKE,-116.706,53.041523,NW10-47-19-W5,5/26/2011,RNTR,1000,Triploid,18
4011,BEAUVAIS LAKE, ,-114.105019,49.411416,SW29-5-1-W5,5/26/2011,BNTR,100,Diploid,56
6651,UNNAMED,SILKSTONE LAKE,-116.717434,53.0436,NE9-47-19-W5,5/26/2011,RNTR,1300,Triploid,18
6726,UNNAMED,OPEN CREEK RESERVOIR,-114.729184,52.648629,NE25-42-6-W5,5/26/2011,RNTR,12,Diploid,57
6726,UNNAMED,OPEN CREEK RESERVOIR,-114.729184,52.648629,NE25-42-6-W5,5/26/2011,RNTR,88,Diploid,57
4562,FAIRFAX LAKE, ,-116.576532,52.971131,NW17-46-18-W5,5/26/2011,RNTR,10000,Triploid,18
6894,UNNAMED,BELLIS BEACH LAKE,-112.15247,54.100613,SE15-59-15-W4,5/26/2011,RNTR,4000,Diploid,17
6894,UNNAMED,BELLIS BEACH LAKE,-112.15247,54.100613,SE15-59-15-W4,5/26/2011,RNTR,10000,Diploid,17
4535,EMERSON LAKES, ,-117.118253,53.727362,NW6-55-21-W5,5/26/2011,RNTR,2250,Triploid,18
19525,UNNAMED,MAYAN LAKE,-117.38983,53.902144,NW5-57-23-W5,5/27/2011,RNTR,2061,Triploid,8
6537,WILDHORSE LAKES,LOWER WILDHORSE LAKE,-117.792759,53.269491,SW31-49-26-W5,5/27/2011,BKTR,2672,Triploid,9
4048,LAC LA BICHE, ,-112.042872,54.86291,NE3-68-14-W4,5/27/2011,WALL,3300000,Diploid,0
6614,UNNAMED,BY THE LAKE PARK,-113.408198,52.976846,SW22-46-24-W4,5/27/2011,RNTR,5000,Diploid,21
5245,MARY GREGG LAKE, ,-117.454064,53.112602,NW4-48-24-W5,5/27/2011,RNTR,1485,Triploid,8
5245,MARY GREGG LAKE, ,-117.454064,53.112602,NW4-48-24-W5,5/27/2011,RNTR,2639,Triploid,8
4539,ENGSTROM LAKE, ,-110.906389,56.188889,SE17-83-6-W4,5/27/2011,RNTR,7275,Triploid,17
4539,ENGSTROM LAKE, ,-110.906389,56.188889,SE17-83-6-W4,5/27/2011,RNTR,4590,Triploid,17
5569,PHYLLIS LAKE, ,-114.966667,52.1,NW17-36-7-W5,5/27/2011,RNTR,80,Diploid,57
5286,MCLEOD LAKE,CARSON LAKE,-115.652786,54.298603,SE25-61-12-W5,5/27/2011,RNTR,4324,Triploid,17
5286,MCLEOD LAKE,CARSON LAKE,-115.652786,54.298603,SE25-61-12-W5,5/27/2011,RNTR,19635,Triploid,17
5614,PRIMROSE LAKE, ,-110.012015,54.795052,SE13-67-1-W4,5/28/2011,WALL,2957890,Diploid,0
5093,LITTLE BEAR LAKE,HASSE LAKE,-110.300937,54.551596,NW19-64-2-W4,5/30/2011,RNTR,986,Diploid,20
5093,LITTLE BEAR LAKE,HASSE LAKE,-110.300937,54.551596,NW19-64-2-W4,5/30/2011,RNTR,1161,Diploid,20
5093,LITTLE BEAR LAKE,HASSE LAKE,-110.300937,54.551596,NW19-64-2-W4,5/30/2011,RNTR,2272,Diploid,20
4505,EDITH LAKE, ,-115.382263,54.801854,NE13-67-10-W5,5/30/2011,BKTR,2100,Triploid,19
4488,DUNN LAKE, ,-117.685762,53.654925,NW7-54-25-W5,5/30/2011,BKTR,3000,Triploid,19
6533,PIERRE GREYS LAKES,MIDDLE PIERRE GREYS LAKE,-118.588692,53.90135,NW6-57-4-W6,5/30/2011,RNTR,5138,Diploid,17
6533,PIERRE GREYS LAKES,MIDDLE PIERRE GREYS LAKE,-118.588692,53.90135,NW6-57-4-W6,5/30/2011,RNTR,6010,Triploid,17
6533,PIERRE GREYS LAKES,MIDDLE PIERRE GREYS LAKE,-118.588692,53.90135,NW6-57-4-W6,5/30/2011,RNTR,1594,Triploid,17
6533,PIERRE GREYS LAKES,MIDDLE PIERRE GREYS LAKE,-118.588692,53.90135,NW6-57-4-W6,5/30/2011,RNTR,2258,Diploid,17
5766,SCHUMAN LAKE, ,-115.077728,54.318086,SE35-61-8-W5,5/30/2011,RNTR,10357,Diploid,14
4048,LAC LA BICHE, ,-112.042872,54.86291,NE3-68-14-W4,5/30/2011,WALL,5000000,Diploid,0
6860,CHRYSTINA LAKE, ,-115.194645,54.786102,NW8-67-8-W5,5/30/2011,BKTR,2100,Triploid,19
5804,SHUNDA LAKE,FISH LAKE,-116.149976,52.451617,SW19-40-15-W5,5/30/2011,RNTR,8000,Triploid,18
5804,SHUNDA LAKE,FISH LAKE,-116.149976,52.451617,SW19-40-15-W5,5/30/2011,RNTR,5440,Triploid,18
5804,SHUNDA LAKE,FISH LAKE,-116.149976,52.451617,SW19-40-15-W5,5/30/2011,RNTR,6560,Triploid,18
6858,UNNAMED,COLEMAN FISH AND GAME POND,-114.559795,49.655563,SW24-8-5-W5,5/30/2011,RNTR,800,Pressure Treated as Triploid,23
6914,UNNAMED,NORDEGG BORROW PIT (EAST),-116.122018,52.480398,SE32-40-15-W5,5/31/2011,RNTR,5,Diploid,57
6915,UNNAMED,NORDEGG BORROW PIT (WEST),-116.128512,52.484878,SW32-40-15-W5,5/31/2011,RNTR,10,Diploid,57
4048,LAC LA BICHE, ,-112.042872,54.86291,NE3-68-14-W4,5/31/2011,WALL,4240588,Diploid,0
4048,LAC LA BICHE, ,-112.042872,54.86291,NE3-68-14-W4,5/31/2011,WALL,5776914,Diploid,0
6635,UNNAMED,TAMARACK LAKE,-115.71791,54.702083,NE10-66-12-W5,5/31/2011,RNTR,2639,Triploid,9
6635,UNNAMED,TAMARACK LAKE,-115.71791,54.702083,NE10-66-12-W5,5/31/2011,RNTR,5604,Triploid,9
5232,MARIGOLD LAKE, ,-115.628279,54.671776,NW32-65-11-W5,5/31/2011,BKTR,7000,Triploid,9
5804,SHUNDA LAKE,FISH LAKE,-116.149976,52.451617,SW19-40-15-W5,5/31/2011,RNTR,85,Diploid,57
6858,UNNAMED,COLEMAN FISH AND GAME POND,-114.559795,49.655563,SW24-8-5-W5,5/31/2011,RNTR,800,Pressure Treated as Triploid,25
24364,UNNAMED,FIESTA LAKE,-114.726449,51.995874,NE12-35-6-W5,6/1/2011,RNTR,550,Triploid,26
4014,BEAVER LAKE, ,-114.788387,52.006721,NE16-35-6-W5,6/1/2011,RNTR,3280,Triploid,23
23790,UNNAMED,PIT 35,-116.649313,52.992044,SW26-46-19-W5,6/1/2011,RNTR,390,Diploid,8
24312,UNNAMED,PIT 44,-116.653503,53.004695,SW35-46-19-W5,6/1/2011,RNTR,1100,Diploid,8
5929,SULPHUR LAKE, ,-118.318549,56.706382,NW7-89-2-W6,6/1/2011,BKTR,6000,Triploid,18
4048,LAC LA BICHE, ,-112.042872,54.86291,NE3-68-14-W4,6/1/2011,WALL,3242724,Diploid,0
6601,YELLOWHEAD LAKE, ,-114.802334,51.957774,SW33-34-6-W5,6/1/2011,BKTR,8700,Triploid,9
23789,UNNAMED,PIT 24,-116.714447,53.030531,NE4-47-19-W5,6/1/2011,RNTR,750,Diploid,8
6844,UNNAMED,DICKSON TROUT POND,-114.309334,52.011001,NW13-35-3-W5,6/1/2011,RNTR,102,Diploid,62
6039,TWIN LAKES, ,-115.001806,52.413889,SW6-40-7-W5,6/1/2011,RNTR,54,Diploid,59
6039,TWIN LAKES, ,-115.001806,52.413889,SW6-40-7-W5,6/1/2011,RNTR,26,Diploid,59
5968,TAY LAKE, ,-115.11934,52.061406,SW5-36-8-W5,6/1/2011,RNTR,5050,Diploid,14
4061,BIRCH LAKE, ,-114.854167,52.011667,NW18-35-6-W5,6/1/2011,BKTR,7900,Triploid,10
23791,UNNAMED,PIT 45,-116.645687,52.992815,SE26-46-19-W5,6/1/2011,RNTR,1125,Diploid,8
5286,MCLEOD LAKE,CARSON LAKE,-115.652786,54.298603,SE25-61-12-W5,6/1/2011,RNTR,5215,Triploid,17
5286,MCLEOD LAKE,CARSON LAKE,-115.652786,54.298603,SE25-61-12-W5,6/1/2011,RNTR,7413,Triploid,17
5286,MCLEOD LAKE,CARSON LAKE,-115.652786,54.298603,SE25-61-12-W5,6/1/2011,RNTR,7372,Triploid,17
5093,LITTLE BEAR LAKE,HASSE LAKE,-110.300937,54.551596,NW19-64-2-W4,6/2/2011,RNTR,1716,Diploid,21
4018,BEAVER MINES LAKE, ,-114.296284,49.372895,NE11-5-3-W5,6/2/2011,RNTR,11500,Triploid,17
4018,BEAVER MINES LAKE, ,-114.296284,49.372895,NE11-5-3-W5,6/2/2011,RNTR,11500,Triploid,17
4340,COW LAKE, ,-115.005926,52.260185,NE12-38-8-W5,6/2/2011,RNTR,40,Diploid,50
4340,COW LAKE, ,-115.005926,52.260185,NE12-38-8-W5,6/2/2011,RNTR,16,Diploid,50
4048,LAC LA BICHE, ,-112.042872,54.86291,NE3-68-14-W4,6/2/2011,WALL,3242724,Diploid,0
6892,UNNAMED,BATHING LAKE,-114.024744,49.278825,SE11-4-1-W5,6/2/2011,RNTR,700,Pressure Treated as Triploid,25
5555,PEPPERS LAKE, ,-115.705653,52.038779,NW30-35-12-W5,6/3/2011,BKTR,8000,Triploid,10
6877,UNNAMED,BULLER POND,-115.353252,50.867923,SW17-22-10-W5,6/3/2011,RNTR,1200,Triploid,27
5286,MCLEOD LAKE,CARSON LAKE,-115.652786,54.298603,SE25-61-12-W5,6/3/2011,RNTR,17403,Triploid,18
5286,MCLEOD LAKE,CARSON LAKE,-115.652786,54.298603,SE25-61-12-W5,6/3/2011,RNTR,1868,Triploid,18
6844,UNNAMED,DICKSON TROUT POND,-114.309334,52.011001,NW13-35-3-W5,6/6/2011,RNTR,100,Diploid,62
6844,UNNAMED,DICKSON TROUT POND,-114.309334,52.011001,NW13-35-3-W5,6/6/2011,RNTR,5000,Triploid,14
6844,UNNAMED,DICKSON TROUT POND,-114.309334,52.011001,NW13-35-3-W5,6/6/2011,RNTR,8334,Triploid,14
6844,UNNAMED,DICKSON TROUT POND,-114.309334,52.011001,NW13-35-3-W5,6/6/2011,RNTR,64,Diploid,62
6844,UNNAMED,DICKSON TROUT POND,-114.309334,52.011001,NW13-35-3-W5,6/6/2011,RNTR,5000,Triploid,14
6086,VICTOR LAKE, ,-119.090207,53.882014,SW35-56-8-W6,6/6/2011,RNTR,13044,Diploid,14
6086,VICTOR LAKE, ,-119.090207,53.882014,SW35-56-8-W6,6/6/2011,BKTR,2639,Triploid,15
6086,VICTOR LAKE, ,-119.090207,53.882014,SW35-56-8-W6,6/6/2011,BKTR,6956,Diploid,15
6086,VICTOR LAKE, ,-119.090207,53.882014,SW35-56-8-W6,6/6/2011,BKTR,3310,Triploid,15
6086,VICTOR LAKE, ,-119.090207,53.882014,SW35-56-8-W6,6/6/2011,BKTR,1083,Diploid,15
4725,GRANDE CACHE LAKE, ,-119.05,53.9,NE1-57-8-W6,6/6/2011,RNTR,16670,Triploid,12
5286,MCLEOD LAKE,CARSON LAKE,-115.652786,54.298603,SE25-61-12-W5,6/6/2011,RNTR,8643,Triploid,19
5286,MCLEOD LAKE,CARSON LAKE,-115.652786,54.298603,SE25-61-12-W5,6/6/2011,RNTR,17720,Triploid,19
6902,UNNAMED,ALLISON LAKE,-114.604063,49.672284,SW27-8-5-W5,6/7/2011,RNTR,2111,Pressure Treated as Triploid,26
6902,UNNAMED,ALLISON LAKE,-114.604063,49.672284,SW27-8-5-W5,6/7/2011,RNTR,1850,Pressure Treated as Triploid,26
24312,UNNAMED,PIT 44,-116.653503,53.004695,SW35-46-19-W5,6/8/2011,BNTR,250,Triploid,15
5466,OBED LAKE, ,-117.133333,53.566667,NE11-53-22-W5,6/8/2011,BNTR,13698,Triploid,16
5466,OBED LAKE, ,-117.133333,53.566667,NE11-53-22-W5,6/8/2011,BNTR,400,Triploid,16
6534,PIERRE GREYS LAKES,LOWER PIERRE GREYS LAKE,-118.60656,53.910427,SE12-57-5-W6,6/8/2011,RNTR,7577,Triploid,18
5324,MILLERS LAKE, ,-116.768896,53.560075,SW8-53-19-W5,6/8/2011,BNTR,1000,Triploid,15
23789,UNNAMED,PIT 24,-116.714447,53.030531,NE4-47-19-W5,6/8/2011,BNTR,250,Triploid,15
854,JARVIS CREEK, ,-117.709012,53.63381,SW1-54-26-W5,6/8/2011,BNTR,1000,Triploid,15
4725,GRANDE CACHE LAKE, ,-119.05,53.9,NE1-57-8-W6,6/8/2011,RNTR,23796,Triploid,11
23791,UNNAMED,PIT 45,-116.645687,52.992815,SE26-46-19-W5,6/8/2011,BNTR,250,Triploid,15
5714,RUNNING LAKE, ,-119.0339,56.669178,SW34-88-7-W6,6/9/2011,BKTR,3000,Triploid,19
6535,TWO LAKES,NORTH TWO LAKE,-119.755438,54.380594,NE20-62-12-W6,6/9/2011,RNTR,7200,Diploid,17
6904,UNNAMED,ATLANTIC RICHFIELD RESERVOIR,-115.326749,54.832388,NE29-67-9-W5,6/9/2011,RNTR,1800,Diploid,18
6816,UNNAMED,GIBBONS POND,-113.341264,53.821734,SW10-56-23-W4,6/9/2011,RNTR,1000,Diploid,20
6821,EMERALD LAKE, ,-115.61828,54.333426,SW5-62-11-W5,6/9/2011,BKTR,2600,Triploid,19
6876,UNNAMED,BUD MILLER PARK POND,-110.040698,53.259224,NE26-49-1-W4,6/10/2011,RNTR,1000,Diploid,20
5002,KINKY LAKE, ,-117.783145,53.280836,SE6-50-26-W5,6/10/2011,BKTR,7000,Triploid,18
6831,UNNAMED,FOREMOST RESERVOIR,-111.456691,49.477485,NW17-6-11-W4,6/13/2011,RNTR,1300,Diploid,21
5348,MITCHELL LAKE, ,-115.007692,52.216312,NE25-37-8-W5,6/13/2011,BNTR,500,Triploid,16
6882,UNNAMED,BOW CITY EAST PONDS,-112.255516,50.430146,SE15-17-17-W4,6/13/2011,RNTR,1000,Diploid,21
6086,VICTOR LAKE, ,-119.090207,53.882014,SW35-56-8-W6,6/13/2011,BKTR,6495,Triploid,20
6842,UNNAMED,ECHO DALE REGIONAL PARK POND,-110.780527,50.049958,SE5-13-6-W4,6/13/2011,RNTR,1000,Diploid,21
6823,UNNAMED,ENCHANT POND,-112.421643,50.153553,SE8-14-18-W4,6/13/2011,RNTR,1000,Diploid,21
6880,UNNAMED,BURN'S RESERVOIR,-113.935337,49.498883,SE26-6-30-W4,6/14/2011,RNTR,500,Pressure Treated as Triploid,28
3482,MOUNT LORETTE PONDS, ,-115.10769,50.969034,SW19-23-8-W5,6/14/2011,RNTR,1200,Triploid,26
26208,UNNAMED,MOUNTAIN VISTA ESTATES POND,-113.614659,49.34497,NE31-4-27-W4,6/14/2011,RNTR,100,Triploid,18
26208,GRASS CARP,MOUNTAIN VISTA ESTATES POND,-113.614659,49.34497,NE31-4-27-W4,6/14/2011,GSCA,50,Triploid,30
3476,GROTTO MOUNTAIN POND, ,-115.202402,51.065761,NW21-24-9-W5,6/14/2011,RNTR,800,Triploid,26
5521,PARKER LAKE, ,-114.621162,55.084708,SE25-70-5-W5,6/14/2011,RNTR,8000,Diploid,9
5521,PARKER LAKE, ,-114.621162,55.084708,SE25-70-5-W5,6/14/2011,BKTR,3600,Triploid,19
5521,PARKER LAKE, ,-114.621162,55.084708,SE25-70-5-W5,6/14/2011,RNTR,7000,Triploid,8
6796,UNNAMED,HILLER'S RESERVOIR,-113.978521,51.739122,SE13-32-29-W4,6/15/2011,RNTR,1500,Diploid,20
3470,ALLEN BILL POND, ,-114.689747,50.900514,NW30-22-5-W5,6/15/2011,RNTR,2000,Triploid,26
3534,SPRUCE COULEE RESERVOIR, ,-110.181613,49.673739,SW26-8-2-W4,6/15/2011,BKTR,988,Triploid,21
3534,SPRUCE COULEE RESERVOIR, ,-110.181613,49.673739,SW26-8-2-W4,6/15/2011,BKTR,8125,Triploid,21
3534,SPRUCE COULEE RESERVOIR, ,-110.181613,49.673739,SW26-8-2-W4,6/15/2011,BKTR,2119,Triploid,21
3534,SPRUCE COULEE RESERVOIR, ,-110.181613,49.673739,SW26-8-2-W4,6/15/2011,BKTR,1659,Triploid,21
3534,SPRUCE COULEE RESERVOIR, ,-110.181613,49.673739,SW26-8-2-W4,6/15/2011,BKTR,1492,Triploid,21
3510,HENINGERS RESERVOIR, ,-111.562445,49.207984,SE16-3-12-W4,6/16/2011,RNTR,6104,Diploid,19
6674,UNNAMED,TELEGRAPH PARK POND,-113.025614,53.180241,SW33-48-21-W4,6/16/2011,RNTR,1000,Diploid,20
3523,MICHEL RESERVOIR,MICHELLE RESERVOIR,-110.372274,49.531283,NE5-7-3-W4,6/16/2011,RNTR,1429,Triploid,21
6790,UNNAMED,HERITAGE LAKE,-113.66643,53.799728,NW33-55-25-W4,6/16/2011,RNTR,3000,Diploid,20
3534,SPRUCE COULEE RESERVOIR, ,-110.181613,49.673739,SW26-8-2-W4,6/16/2011,BKTR,9498,Triploid,11
3534,SPRUCE COULEE RESERVOIR, ,-110.181613,49.673739,SW26-8-2-W4,6/16/2011,BKTR,2153,Triploid,11
6809,UNNAMED,GOOSEBERRY PARK POND,-110.771236,52.110661,NE22-36-6-W4,6/17/2011,RNTR,3000,Diploid,20
6889,UNNAMED,BOEHLKE'S POND,-112.131457,52.042128,SE31-35-15-W4,6/17/2011,RNTR,5000,Diploid,19
6706,UNNAMED,PLEASURE ISLAND RESERVOIR,-112.719384,52.985233,NE20-46-19-W4,6/17/2011,RNTR,700,Diploid,20
4539,ENGSTROM LAKE, ,-110.906389,56.188889,SE17-83-6-W4,6/17/2011,RNTR,2520,Triploid,17
6761,UNNAMED,LOUGHEED TROUT POND,-111.533836,52.745163,SE33-43-11-W4,6/17/2011,RNTR,500,Diploid,20
4011,BEAUVAIS LAKE, ,-114.105019,49.411416,SW29-5-1-W5,6/20/2011,BNTR,8983,Triploid,14
6086,VICTOR LAKE, ,-119.090207,53.882014,SW35-56-8-W6,6/20/2011,BKTR,3000,Triploid,20
6751,UNNAMED,MAGRATH CHILDREN'S POND,-112.869274,49.407453,SW26-5-22-W4,6/21/2011,RNTR,500,Diploid,20
6757,UNNAMED,MCQUILLAN RESERVOIR,-112.45932,49.64707,SW13-8-19-W4,6/21/2011,RNTR,3500,Diploid,20
6818,UNNAMED,GOLDSPRING PARK POND,-111.995479,49.095497,NE6-2-15-W4,6/21/2011,RNTR,1500,Diploid,20
6682,UNNAMED,STIRLING CHILDREN'S POND,-112.5376,49.500793,SW29-6-19-W4,6/21/2011,RNTR,600,Diploid,20
5572,PIERRE GREYS LAKES,UPPER PIERRE GREYS LAKES,-118.585692,53.908548,SW7-57-4-W6,6/23/2011,BKTR,5815,Triploid,19
5572,PIERRE GREYS LAKES,UPPER PIERRE GREYS LAKES,-118.585692,53.908548,SW7-57-4-W6,6/23/2011,BNTR,1000,Triploid,16
6746,UNNAMED,MIRROR RESERVOIR,-113.138878,52.464155,SW29-40-22-W4,6/27/2011,RNTR,1000,Diploid,20
6623,UNNAMED,WASKASOO PARK POND,-113.849851,52.26661,SW18-38-27-W4,6/27/2011,RNTR,1000,Diploid,20
6735,UNNAMED,NIEMELA RESERVOIR,-114.292729,52.322935,SE1-39-3-W5,6/27/2011,RNTR,1500,Diploid,20
5568,PHILLIPPS LAKE,SUMMIT,-114.662222,49.641667,SE18-8-5-W5,6/27/2011,CTTR,114,Diploid,0
5572,PIERRE GREYS LAKES,UPPER PIERRE GREYS LAKES,-118.585692,53.908548,SW7-57-4-W6,6/27/2011,BKTR,3714,Triploid,17
4094,BLUE LAKE, ,-116.459444,54.980556,NW13-69-17-W5,6/27/2011,RNTR,12624,Triploid,8
4094,BLUE LAKE, ,-116.459444,54.980556,NW13-69-17-W5,6/27/2011,RNTR,13026,Triploid,8
6806,UNNAMED,HANSEN'S RESERVOIR,-114.394522,52.297145,SW29-38-3-W5,6/27/2011,RNTR,1000,Diploid,20
5078,LILY LAKE, ,-114.766667,55.483333,NW7-75-5-W5,6/27/2011,BKTR,3600,Triploid,8
6671,UNNAMED,AIRDRIE POND,-114.019349,51.274481,SW1-27-1-W5,6/28/2011,RNTR,250,Diploid,20
6879,UNNAMED,BURMIS LAKE,-114.299609,49.553784,SE14-7-3-W5,6/28/2011,RNTR,270,Diploid,29
6853,UNNAMED,DEWITT'S POND,-114.121485,51.262527,SE31-26-1-W5,6/28/2011,RNTR,1000,Diploid,20
6902,UNNAMED,ALLISON LAKE,-114.604063,49.672284,SW27-8-5-W5,6/28/2011,RNTR,350,Diploid,29
17894,UNNAMED,ANDERSON DAM,-112.838356,51.419906,SW25-28-21-W4,6/28/2011,RNTR,2000,Diploid,20
5407,MUSKIKI LAKE, ,-116.874653,52.851672,NW5-45-20-W5,6/28/2011,CTTR,3000,Diploid,17
6773,UNNAMED,KRAFT POND,-113.609586,51.865057,NW27-33-26-W4,6/28/2011,RNTR,400,Diploid,20
6741,UNNAMED,MIDWAY RESERVOIR,-113.735238,51.565685,SE16-30-27-W4,6/28/2011,RNTR,2000,Diploid,20
5858,SPARROW'S EGG LAKE, ,-115.105897,50.673406,NW6-20-8-W5,7/6/2011,RNTR,947,Triploid,18
3485,ROCKY CHILDREN'S POND, ,-114.949741,52.398682,SW33-39-7-W5,7/6/2011,RNTR,500,Triploid,27
6844,UNNAMED,DICKSON TROUT POND,-114.309334,52.011001,NW13-35-3-W5,7/7/2011,RNTR,1067,Diploid,18
6844,UNNAMED,DICKSON TROUT POND,-114.309334,52.011001,NW13-35-3-W5,7/7/2011,RNTR,875,Diploid,18
6844,UNNAMED,DICKSON TROUT POND,-114.309334,52.011001,NW13-35-3-W5,7/7/2011,RNTR,652,Diploid,18
5223,MARGARET LAKE, ,-115.185439,51.401845,NW15-28-9-W5,7/7/2011,RNTR,3195,Diploid,15
3470,ALLEN BILL POND, ,-114.689747,50.900514,NW30-22-5-W5,7/9/2011,RNTR,2000,Triploid,27
4048,LAC LA BICHE, ,-112.042872,54.86291,NE3-68-14-W4,7/11/2011,WALL,16233,Diploid,4
6607,CHAMPION LAKES,UPPER CHAMPION LAKE,-114.599941,50.815306,NW26-21-5-W5,7/11/2011,RNTR,300,Diploid,22
6608,CHAMPION LAKES,LOWER CHAMPION LAKE,-114.597433,50.813258,NW26-21-5-W5,7/11/2011,RNTR,300,Diploid,21
4048,LAC LA BICHE, ,-112.042872,54.86291,NE3-68-14-W4,7/12/2011,WALL,18967,Diploid,5
4048,LAC LA BICHE, ,-112.042872,54.86291,NE3-68-14-W4,7/13/2011,WALL,21784,Diploid,4
3486,SIBBALD MEADOWS POND, ,-114.944741,51.05457,SW20-24-7-W5,7/13/2011,RNTR,2000,Triploid,27
3522,MCLEAN POND, ,-114.665596,50.891975,NW20-22-5-W5,7/13/2011,RNTR,3500,Triploid,20
3482,MOUNT LORETTE PONDS, ,-115.10769,50.969034,SW19-23-8-W5,7/14/2011,RNTR,1200,Triploid,27
4048,LAC LA BICHE, ,-112.042872,54.86291,NE3-68-14-W4,7/14/2011,WALL,4189,Diploid,4
3476,GROTTO MOUNTAIN POND, ,-115.202402,51.065761,NW21-24-9-W5,7/14/2011,RNTR,800,Triploid,27
5805,UNNAMED,SIBBALD LAKE,-114.866712,51.048693,NE14-24-7-W5,7/14/2011,RNTR,1234,Diploid,24
4048,LAC LA BICHE, ,-112.042872,54.86291,NE3-68-14-W4,7/15/2011,WALL,8221,Diploid,5
4048,LAC LA BICHE, ,-112.042872,54.86291,NE3-68-14-W4,7/21/2011,WALL,2427,Diploid,8
6767,UNNAMED,LITTLE BEAVERDAM LAKE,-113.661909,49.084831,NE34-1-28-W4,8/3/2011,BKTR,2026,Triploid,12
4647,GAP LAKE, ,-115.830899,52.330286,NE5-39-13-W5,8/4/2011,BKTR,1050,Triploid,12
3470,ALLEN BILL POND, ,-114.689747,50.900514,NW30-22-5-W5,8/9/2011,RNTR,2000,Triploid,28
3482,MOUNT LORETTE PONDS, ,-115.10769,50.969034,SW19-23-8-W5,8/17/2011,RNTR,1200,Triploid,28
3476,GROTTO MOUNTAIN POND, ,-115.202402,51.065761,NW21-24-9-W5,8/17/2011,RNTR,567,Triploid,22
3476,GROTTO MOUNTAIN POND, ,-115.202402,51.065761,NW21-24-9-W5,8/17/2011,RNTR,233,Triploid,22
4011,BEAUVAIS LAKE, ,-114.105019,49.411416,SW29-5-1-W5,8/23/2011,BNTR,6184,Triploid,12
4011,BEAUVAIS LAKE, ,-114.105019,49.411416,SW29-5-1-W5,8/23/2011,BNTR,6175,Triploid,12
4011,BEAUVAIS LAKE, ,-114.105019,49.411416,SW29-5-1-W5,8/23/2011,BNTR,6118,Triploid,12
4011,BEAUVAIS LAKE, ,-114.105019,49.411416,SW29-5-1-W5,8/23/2011,BNTR,6136,Triploid,12
6061,UPPER KANANASKIS LAKE, ,-115.15,50.625,NW23-19-9-W5,9/6/2011,CTTR,3754,Diploid,8
6061,UPPER KANANASKIS LAKE, ,-115.15,50.625,NW23-19-9-W5,9/6/2011,CTTR,10524,Diploid,20
4909,ISLAND LAKE, ,-114.684444,49.627778,SE12-8-6-W5,9/6/2011,BKTR,7000,Pressure Treated as Triploid,10
6061,UPPER KANANASKIS LAKE, ,-115.15,50.625,NW23-19-9-W5,9/7/2011,CTTR,11508,Diploid,20
5179,LOWER KANANASKIS LAKE, ,-115.133333,50.633333,SE26-19-9-W5,9/8/2011,CTTR,10711,Diploid,20
5179,LOWER KANANASKIS LAKE, ,-115.133333,50.633333,SE26-19-9-W5,9/8/2011,CTTR,8689,Diploid,20
5568,PHILLIPPS LAKE,SUMMIT,-114.662222,49.641667,SE18-8-5-W5,9/8/2011,CTTR,550,Diploid,0
4048,LAC LA BICHE, ,-112.042872,54.86291,NE3-68-14-W4,9/9/2011,WALL,12807,Diploid,14
6902,UNNAMED,ALLISON LAKE,-114.604063,49.672284,SW27-8-5-W5,9/9/2011,RNTR,2000,Diploid,14
6858,UNNAMED,COLEMAN FISH AND GAME POND,-114.559795,49.655563,SW24-8-5-W5,9/9/2011,CTTR,1000,Diploid,0
4048,LAC LA BICHE, ,-112.042872,54.86291,NE3-68-14-W4,9/13/2011,WALL,3191,Diploid,14
6706,UNNAMED,PLEASURE ISLAND RESERVOIR,-112.719384,52.985233,NE20-46-19-W4,9/13/2011,RNTR,2000,Diploid,21
6674,UNNAMED,TELEGRAPH PARK POND,-113.025614,53.180241,SW33-48-21-W4,9/13/2011,RNTR,1500,Diploid,21
6790,UNNAMED,HERITAGE LAKE,-113.66643,53.799728,NW33-55-25-W4,9/13/2011,RNTR,3000,Diploid,21
6770,UNNAMED,KERBE'S POND,-112.844594,52.112277,NE19-36-20-W4,9/14/2011,RNTR,1000,Triploid,23
6803,UNNAMED,HELMER RESERVOIR,-111.977647,51.656113,SW18-31-14-W4,9/14/2011,RNTR,5000,Triploid,23
4048,LAC LA BICHE, ,-112.042872,54.86291,NE3-68-14-W4,9/15/2011,WALL,2815,Diploid,15
6844,UNNAMED,DICKSON TROUT POND,-114.309334,52.011001,NW13-35-3-W5,9/15/2011,RNTR,100,Diploid,61
6039,TWIN LAKES, ,-115.001806,52.413889,SW6-40-7-W5,9/15/2011,RNTR,100,Diploid,61
6878,BULLSHEAD RESERVOIR,BULLSHEAD CREEK RESERVOIR,-110.506929,49.677137,NE29-8-4-W4,9/15/2011,RNTR,4856,Triploid,25
4048,LAC LA BICHE, ,-112.042872,54.86291,NE3-68-14-W4,9/16/2011,WALL,1080,Diploid,11
4048,LAC LA BICHE, ,-112.042872,54.86291,NE3-68-14-W4,9/19/2011,WALL,2464,Diploid,15
5874,SPRING LAKE,COTTAGE,-114.138808,53.517861,SW30-52-1-W5,9/19/2011,RNTR,3970,Diploid,20
5874,SPRING LAKE,COTTAGE,-114.138808,53.517861,SW30-52-1-W5,9/19/2011,RNTR,1030,Diploid,20
6625,UNNAMED,WILDWOOD POND,-115.318621,53.601051,SW30-53-9-W5,9/19/2011,RNTR,1500,Diploid,20
4048,LAC LA BICHE, ,-112.042872,54.86291,NE3-68-14-W4,9/20/2011,WALL,276,Diploid,14
6716,UNNAMED,PADDLE RIVER DAM POND,-115.050562,53.895509,SE1-57-8-W5,9/20/2011,RNTR,1000,Diploid,20
19760,LAC LA BICHE TROUT POND,ALEXANDER HAMILTON POND,-111.952045,54.774535,NW5-67-13-W4,9/20/2011,RNTR,600,Diploid,21
5387,MUIR LAKE, ,-113.956437,53.624675,NW32-53-27-W4,9/20/2011,RNTR,3400,Triploid,22
5387,MUIR LAKE, ,-113.956437,53.624675,NW32-53-27-W4,9/20/2011,RNTR,1600,Triploid,22
6889,UNNAMED,BOEHLKE'S POND,-112.131457,52.042128,SE31-35-15-W4,9/21/2011,RNTR,5000,Diploid,21
6833,UNNAMED,DIPLOMAT MINE POND,-112.180118,52.50583,NW1-41-16-W4,9/21/2011,RNTR,5000,Diploid,21
3495,BRACONNIER RESERVOIR, ,-113.23686,51.667718,SW20-31-23-W4,9/21/2011,RNTR,2000,Diploid,21
6620,UNNAMED,VEGREVILLE TROUT POND,-112.054068,53.490532,SW18-52-14-W4,9/22/2011,RNTR,5000,Diploid,12
5286,MCLEOD LAKE,CARSON LAKE,-115.652786,54.298603,SE25-61-12-W5,9/22/2011,RNTR,8904,Triploid,21
6879,UNNAMED,BURMIS LAKE,-114.299609,49.553784,SE14-7-3-W5,9/23/2011,CTTR,500,Diploid,0
4048,LAC LA BICHE, ,-112.042872,54.86291,NE3-68-14-W4,9/23/2011,WALL,482,Diploid,15
4532,EMERALD LAKE,HART LAKE,-114.641917,49.626771,SE8-8-5-W5,9/23/2011,CTTR,1800,Diploid,0
5286,MCLEOD LAKE,CARSON LAKE,-115.652786,54.298603,SE25-61-12-W5,9/23/2011,RNTR,1000,Triploid,21
5286,MCLEOD LAKE,CARSON LAKE,-115.652786,54.298603,SE25-61-12-W5,9/23/2011,RNTR,3943,Triploid,21
5286,MCLEOD LAKE,CARSON LAKE,-115.652786,54.298603,SE25-61-12-W5,9/23/2011,RNTR,3955,Triploid,21
5286,MCLEOD LAKE,CARSON LAKE,-115.652786,54.298603,SE25-61-12-W5,9/23/2011,RNTR,3981,Triploid,21
5286,MCLEOD LAKE,CARSON LAKE,-115.652786,54.298603,SE25-61-12-W5,9/23/2011,RNTR,3997,Triploid,21
4539,ENGSTROM LAKE, ,-110.906389,56.188889,SE17-83-6-W4,9/24/2011,RNTR,2993,Triploid,19
4539,ENGSTROM LAKE, ,-110.906389,56.188889,SE17-83-6-W4,9/24/2011,RNTR,8944,Triploid,19
4539,ENGSTROM LAKE, ,-110.906389,56.188889,SE17-83-6-W4,9/24/2011,RNTR,4690,Triploid,19
4539,ENGSTROM LAKE, ,-110.906389,56.188889,SE17-83-6-W4,9/24/2011,RNTR,8373,Triploid,19
6780,UNNAMED,HUBER RESERVOIR,-111.732917,52.221611,SW36-37-13-W4,9/25/2011,RNTR,2975,Diploid,20
6780,UNNAMED,HUBER RESERVOIR,-111.732917,52.221611,SW36-37-13-W4,9/25/2011,RNTR,2289,Diploid,20
6923,UNNAMED,BLACK NUGGET MINE PIT,-112.532662,53.217685,NW11-49-18-W4,9/25/2011,RNTR,5457,Diploid,22
6923,UNNAMED,BLACK NUGGET MINE PIT,-112.532662,53.217685,NW11-49-18-W4,9/25/2011,RNTR,600,Diploid,22
6923,UNNAMED,BLACK NUGGET MINE PIT,-112.532662,53.217685,NW11-49-18-W4,9/25/2011,RNTR,1853,Diploid,22
6923,UNNAMED,BLACK NUGGET MINE PIT,-112.532662,53.217685,NW11-49-18-W4,9/25/2011,RNTR,4670,Diploid,22
5286,MCLEOD LAKE,CARSON LAKE,-115.652786,54.298603,SE25-61-12-W5,9/26/2011,RNTR,555,Triploid,24
5286,MCLEOD LAKE,CARSON LAKE,-115.652786,54.298603,SE25-61-12-W5,9/26/2011,RNTR,2514,Triploid,24
5286,MCLEOD LAKE,CARSON LAKE,-115.652786,54.298603,SE25-61-12-W5,9/26/2011,RNTR,3833,Triploid,24
5286,MCLEOD LAKE,CARSON LAKE,-115.652786,54.298603,SE25-61-12-W5,9/26/2011,RNTR,2634,Triploid,24
5286,MCLEOD LAKE,CARSON LAKE,-115.652786,54.298603,SE25-61-12-W5,9/26/2011,RNTR,3989,Triploid,24
4171,BUTCHER'S LAKE, ,-114.061148,49.303994,NW15-4-1-W5,9/27/2011,BKTR,3300,Pressure Treated as Triploid,13
6095,WABAMUN LAKE, ,-114.589748,53.545513,SW6-53-4-W5,9/27/2011,WALL,6191,Diploid,12
4048,LAC LA BICHE, ,-112.042872,54.86291,NE3-68-14-W4,9/28/2011,WALL,432,Diploid,15
6095,WABAMUN LAKE, ,-114.589748,53.545513,SW6-53-4-W5,9/29/2011,WALL,2286,Diploid,12
6903,UNNAMED,ASHLAND RESERVOIR,-114.409999,53.147371,NW17-48-3-W5,9/30/2011,RNTR,1500,Diploid,21
5569,PHYLLIS LAKE, ,-114.966667,52.1,NW17-36-7-W5,9/30/2011,RNTR,80,Diploid,61
5804,SHUNDA LAKE,FISH LAKE,-116.149976,52.451617,SW19-40-15-W5,9/30/2011,RNTR,120,Diploid,61
4446,DILLBERRY LAKE, ,-110.004391,52.576348,NE36-41-1-W4,9/30/2011,RNTR,10000,Diploid,12
3486,SIBBALD MEADOWS POND, ,-114.944741,51.05457,SW20-24-7-W5,10/2/2011,RNTR,58,Triploid,31
5286,MCLEOD LAKE,CARSON LAKE,-115.652786,54.298603,SE25-61-12-W5,10/3/2011,RNTR,8000,Triploid,20
5286,MCLEOD LAKE,CARSON LAKE,-115.652786,54.298603,SE25-61-12-W5,10/3/2011,RNTR,6437,Triploid,20
6780,UNNAMED,HUBER RESERVOIR,-111.732917,52.221611,SW36-37-13-W4,10/4/2011,RNTR,750,Diploid,20
5944,SWAN LAKE, ,-117.813668,55.059122,SW18-70-25-W5,10/4/2011,RNTR,2259,Diploid,22
5944,SWAN LAKE, ,-117.813668,55.059122,SW18-70-25-W5,10/4/2011,RNTR,3000,Diploid,22
6900,UNNAMED,ACADIA VALLEY RESERVOIR,-110.256659,51.111282,SW8-25-2-W4,10/4/2011,RNTR,3000,Diploid,20
3494,BLOOD INDIAN CREEK RESERVOIR, ,-111.210333,51.24853,SW28-26-9-W4,10/4/2011,RNTR,11723,Diploid,12
6095,WABAMUN LAKE, ,-114.589748,53.545513,SW6-53-4-W5,10/4/2011,WALL,760,Diploid,14
5286,MCLEOD LAKE,CARSON LAKE,-115.652786,54.298603,SE25-61-12-W5,10/4/2011,RNTR,936,Triploid,14
5286,MCLEOD LAKE,CARSON LAKE,-115.652786,54.298603,SE25-61-12-W5,10/4/2011,RNTR,5500,Triploid,14
5944,SWAN LAKE, ,-117.813668,55.059122,SW18-70-25-W5,10/6/2011,RNTR,3307,Diploid,22
6528,CHAIN LAKES,LOWER CHAIN LAKE,-113.511311,54.964036,NW7-69-23-W4,10/6/2011,RNTR,25806,Diploid,12
5729,SALTER'S LAKE, ,-114.191032,53.690156,SW26-54-2-W5,10/7/2011,RNTR,5008,Diploid,23
4048,LAC LA BICHE, ,-112.042872,54.86291,NE3-68-14-W4,10/7/2011,WALL,1121,Diploid,15
6844,UNNAMED,DICKSON TROUT POND,-114.309334,52.011001,NW13-35-3-W5,10/7/2011,RNTR,120,Diploid,61
5569,PHYLLIS LAKE, ,-114.966667,52.1,NW17-36-7-W5,10/7/2011,RNTR,80,Diploid,61
5513,PAYNE LAKE,MAMI LAKE,-113.655837,49.1117,NE10-2-28-W4,10/11/2011,RNTR,4202,Triploid,12
5513,PAYNE LAKE,MAMI LAKE,-113.655837,49.1117,NE10-2-28-W4,10/11/2011,RNTR,5979,Triploid,12
5513,PAYNE LAKE,MAMI LAKE,-113.655837,49.1117,NE10-2-28-W4,10/11/2011,RNTR,6010,Triploid,12
5513,PAYNE LAKE,MAMI LAKE,-113.655837,49.1117,NE10-2-28-W4,10/11/2011,RNTR,7444,Triploid,12
5513,PAYNE LAKE,MAMI LAKE,-113.655837,49.1117,NE10-2-28-W4,10/11/2011,RNTR,26603,Triploid,12
6095,WABAMUN LAKE, ,-114.589748,53.545513,SW6-53-4-W5,10/11/2011,WALL,304,Diploid,12
6734,UNNAMED,NICHOLAS SHERAN PARK POND,-112.879725,49.671905,SE26-8-22-W4,10/12/2011,BKTR,175,Diploid,35
4048,LAC LA BICHE, ,-112.042872,54.86291,NE3-68-14-W4,10/13/2011,WALL,5589,Diploid,15
4048,LAC LA BICHE, ,-112.042872,54.86291,NE3-68-14-W4,10/17/2011,WALL,3485,Diploid,15
4920,JACK FISH LAKE, ,-111.296351,53.594311,NW20-53-9-W4,10/18/2011,RNTR,5000,Diploid,11
4048,LAC LA BICHE, ,-112.042872,54.86291,NE3-68-14-W4,10/21/2011,WALL,936,Diploid,15
6844,UNNAMED,DICKSON TROUT POND,-114.309334,52.011001,NW13-35-3-W5,10/21/2011,RNTR,100,Diploid,61
6844,UNNAMED,DICKSON TROUT POND,-114.309334,52.011001,NW13-35-3-W5,10/27/2011,RNTR,86,Diploid,61
